City_ID,City,Lat,Lng,Max Temp,Humidity,Cloudiness,Wind Speed,Country,Date
0,Ostersund,63.1792,14.6357,287.38,35,100,5.14,SE,1689961767
1,Katabu,-4.9333,122.5167,296.11,90,3,1.88,ID,1689961768
2,Ushuaia,-54.8,-68.3,271.96,69,20,7.2,AR,1689961768
3,Papatowai,-46.5619,169.4708,278.58,76,6,6.17,NZ,1689961559
4,Dunedin,-45.8742,170.5036,280.26,77,7,2.68,NZ,1689961492
5,Uturoa,-16.7333,-151.4333,297.82,62,85,6.92,PF,1689961209
6,Georgetown,5.4112,100.3354,301.12,89,20,1.54,MY,1689961181
7,Port Alfred,-33.5906,26.891,289.82,62,51,6.86,ZA,1689961558
8,Olonkinbyen,70.9221,-8.7187,278.44,79,100,2.27,SJ,1689961769
9,Vorgashor,67.5833,63.95,291.61,79,80,1.83,RU,1689961209
10,Yuncheng,35.0231,110.9928,297.72,62,1,1.75,CN,1689961769
11,Waitangi,-43.9535,-176.5597,284.16,95,100,4.02,NZ,1689961769
12,Saldanha,-33.0117,17.9442,283.18,59,38,3.24,ZA,1689961769
13,Waitangi,-43.9535,-176.5597,284.16,95,100,4.02,NZ,1689961769
14,Margaret River,-33.95,115.0667,286.67,66,2,2.05,AU,1689961770
15,Katsuura,35.1333,140.3,296.49,88,66,4.94,JP,1689961014
16,Port Lincoln,-34.7333,135.8667,285.9,74,100,5.73,AU,1689961210
17,Barcelos,41.5388,-8.6151,298.66,66,27,4.5,PT,1689961770
18,Invercargill,-46.4,168.35,273.16,99,11,0.89,NZ,1689961557
19,Crane,31.3974,-102.3501,308.31,23,43,7.85,US,1689961771
20,Isafjordur,66.0755,-23.124,283.17,81,75,4.12,IS,1689961771
21,Dosso,13.049,3.1937,307.24,43,96,2.72,NE,1689961771
22,Adamstown,-25.066,-130.1015,294.01,70,41,13.82,PN,1689961772
23,Saham,24.1722,56.8886,304.28,80,70,3.14,OM,1689961772
24,Midvagur,62.0511,-7.1939,286.61,76,100,1.54,FO,1689961772
25,La Passe,45.5549,-0.8967,297.28,61,2,6.36,FR,1689961427
26,Waitangi,-43.9535,-176.5597,284.16,95,100,4.02,NZ,1689961769
27,Soio,-6.1349,12.3689,295.88,83,47,4.75,AO,1689961772
28,Egilsstadir,65.2653,-14.3948,288.1,63,75,3.09,IS,1689960992
29,Puerto Natales,-51.7236,-72.4875,272.06,96,100,1.9,CL,1689961660
30,Luanco,43.6152,-5.7934,295.08,74,0,2.22,ES,1689961773
31,Masterton,-40.9597,175.6575,279.2,97,100,3.39,NZ,1689961773
32,Thompson,55.7435,-97.8558,295.24,60,75,5.66,CA,1689961481
33,Tiksi,71.6872,128.8694,278.75,75,57,3.87,RU,1689961778
34,Georgetown,5.4112,100.3354,301.12,89,20,1.54,MY,1689961181
35,Tiksi,71.6872,128.8694,278.75,75,57,3.87,RU,1689961778
36,Orange City,28.9489,-81.2987,309.39,61,75,5.14,US,1689961749
37,Bilibino,68.0546,166.4372,291.85,60,77,1.19,RU,1689961778
38,Lautoka,-17.6167,177.4667,293.07,94,20,2.57,FJ,1689961778
39,Edinburgh Of The Seven Seas,-37.0676,-12.3116,285.19,60,100,7.79,SH,1689961178
40,Coahuayana De Hidalgo,18.7,-103.6583,307.37,51,58,2.91,MX,1689961270
41,Adamstown,-25.066,-130.1015,294.01,70,41,13.82,PN,1689961772
42,Sao Felipe,-14.8167,-41.3833,294.48,68,96,4.57,BR,1689961270
43,Adamstown,-25.066,-130.1015,294.01,70,41,13.82,PN,1689961772
44,Grytviken,-54.2811,-36.5092,274.46,98,100,5.56,GS,1689961270
45,Waitangi,-43.9535,-176.5597,284.16,95,100,4.02,NZ,1689961769
46,Puerto Baquerizo Moreno,-0.9,-89.6,301.7,70,40,4.12,EC,1689961345
47,Puerto Natales,-51.7236,-72.4875,272.06,96,100,1.9,CL,1689961660
48,Cold Lake,54.4502,-110.2017,297.12,60,0,2.57,CA,1689961271
49,Edinburgh Of The Seven Seas,-37.0676,-12.3116,285.19,60,100,7.79,SH,1689961178
50,Bethel,41.3712,-73.414,301.2,64,75,6.17,US,1689961271
51,Ribeira Brava,32.65,-17.0667,299.66,71,8,1.26,PT,1689961271
52,Waitangi,-43.9535,-176.5597,284.16,95,100,4.02,NZ,1689961769
53,Sao Joao Da Barra,-21.6403,-41.0511,296.2,62,100,3.1,BR,1689961272
54,Linqiong,30.4159,103.4609,300.05,85,100,2.4,CN,1689961272
55,Kapa'A,22.0752,-159.319,300.33,85,75,8.23,US,1689961272
56,Longyearbyen,78.2186,15.6401,281.06,81,75,6.69,SJ,1689961272
57,Cootamundra,-34.65,148.0333,272.56,92,0,0.55,AU,1689961272
58,Hamilton,39.1834,-84.5333,300.49,62,20,4.63,US,1689961272
59,Prado,-17.3411,-39.2208,296.23,74,95,6.16,BR,1689961272
60,Ta`U,-14.2336,-169.5144,300.24,82,27,3.59,AS,1689961272
61,Sabang,5.8933,95.3214,301.73,75,100,7.52,ID,1689961273
62,Port-Aux-Francais,-49.35,70.2167,273.61,61,94,17.75,TF,1689961178
63,Thompson,55.7435,-97.8558,295.24,60,75,5.66,CA,1689961481
64,Saipan,15.1355,145.701,300.54,100,20,3.13,MP,1689961273
65,Chishtian,29.8,72.8667,310.01,42,50,4.38,PK,1689961053
66,Yellowknife,62.456,-114.3525,297.44,46,100,3.6,CA,1689961273
67,Longyearbyen,78.2186,15.6401,281.06,81,75,6.69,SJ,1689961272
68,Georgetown,5.4112,100.3354,301.12,89,20,1.54,MY,1689961181
69,Isafjordur,66.0755,-23.124,283.17,81,75,4.12,IS,1689961771
70,Mili,6.0815,171.735,300.98,83,100,8.3,MH,1689961274
71,Adamstown,-25.066,-130.1015,294.01,70,41,13.82,PN,1689961772
72,Waitangi,-43.9535,-176.5597,284.16,95,100,4.02,NZ,1689961769
73,Wynyard,-41.0,145.7167,280.62,92,44,1.51,AU,1689961274
74,Yellowknife,62.456,-114.3525,297.44,46,100,3.6,CA,1689961273
75,Margaret River,-33.95,115.0667,286.67,66,2,2.05,AU,1689961770
76,College,64.8569,-147.8028,294.37,79,0,0.0,US,1689961274
77,Rikaze,29.25,88.8833,290.31,46,30,2.1,CN,1689961274
78,St. John'S,47.5649,-52.7093,301.57,66,20,7.72,CA,1689961193
79,Happy Valley-Goose Bay,53.3168,-60.3315,299.32,50,75,6.69,CA,1689961275
80,Porto Murtinho,-21.6989,-57.8825,309.35,18,0,7.26,BR,1689961275
81,Qaqortoq,60.7167,-46.0333,278.29,97,92,3.3,GL,1689961275
82,Port Elizabeth,-33.918,25.5701,288.31,72,0,4.63,ZA,1689961203
83,Waitangi,-43.9535,-176.5597,284.16,95,100,4.02,NZ,1689961769
84,Ilave,-16.0833,-69.6667,288.57,14,0,6.37,PE,1689961275
85,Quellon,-43.1167,-73.6167,284.29,82,75,4.63,CL,1689961275
86,Wailua Homesteads,22.0669,-159.378,299.59,89,75,8.23,US,1689961189
87,Hithadhoo,-0.6,73.0833,301.31,78,90,5.1,MV,1689961317
88,Jamestown,42.097,-79.2353,295.12,73,75,6.17,US,1689961276
89,Uturoa,-16.7333,-151.4333,297.82,62,85,6.92,PF,1689961209
90,Kayyerkan,69.3786,87.7439,293.87,72,100,4.62,RU,1689961276
91,Sakata,38.9167,139.855,294.31,89,1,2.74,JP,1689961276
92,Thompson,55.7435,-97.8558,295.24,60,75,5.66,CA,1689961481
93,Petropavlovsk-Kamchatsky,53.0452,158.6483,283.48,100,20,2.0,RU,1689961276
94,Codrington,-38.2667,141.9667,282.32,83,99,5.3,AU,1689961276
95,Saipan,15.1355,145.701,300.54,100,20,3.13,MP,1689961273
96,Saint-Francois,46.4154,3.9054,296.84,43,0,4.63,FR,1689961277
97,Mermoz Boabab,14.7065,-17.4758,304.46,66,75,6.17,SN,1689961277
98,Dryden,49.7833,-92.7503,298.31,50,0,4.63,CA,1689961277
99,Punta Arenas,-53.15,-70.9167,270.99,100,100,2.01,CL,1689961277
100,Antsiranana,-12.2787,49.2917,296.96,71,89,7.34,MG,1689961277
101,Stanley,54.868,-1.6985,287.48,86,40,1.03,GB,1689961277
102,Conduaga,8.862,117.4893,300.67,81,100,10.32,PH,1689961278
103,Rio Grande,-32.035,-52.0986,298.21,83,36,6.45,BR,1689961278
104,Adamstown,-25.066,-130.1015,294.01,70,41,13.82,PN,1689961772
105,Anadyr,64.75,177.4833,285.43,93,40,1.0,RU,1689961278
106,Coquimbo,-29.9533,-71.3436,289.0,72,0,1.03,CL,1689961278
107,College,64.8569,-147.8028,294.37,79,0,0.0,US,1689961274
108,Rongelap,11.1635,166.8941,301.35,79,59,8.16,MH,1689961278
109,Port-Aux-Francais,-49.35,70.2167,273.61,61,94,17.75,TF,1689961178
110,Vilyuysk,63.7553,121.6247,284.92,83,1,1.15,RU,1689961278
111,Keflavik,64.0049,-22.5624,288.1,82,75,7.72,IS,1689961279
112,Ilulissat,69.2167,-51.1,279.16,93,75,2.57,GL,1689961279
113,Longyearbyen,78.2186,15.6401,281.06,81,75,6.69,SJ,1689961272
114,Blackmans Bay,-43.0167,147.3167,280.11,88,34,2.9,AU,1689961279
115,Leiyang,26.4024,112.8591,301.18,81,77,2.07,CN,1689961279
116,Edinburgh Of The Seven Seas,-37.0676,-12.3116,285.19,60,100,7.79,SH,1689961178
117,Touros,-5.1989,-35.4608,301.0,60,27,8.52,BR,1689961786
118,Cabedelo,-6.9811,-34.8339,302.52,68,15,6.21,BR,1689961279
119,Udachny,66.4167,112.4,289.51,82,71,3.63,RU,1689961280
120,Edinburgh Of The Seven Seas,-37.0676,-12.3116,285.19,60,100,7.79,SH,1689961178
121,Tolanaro,-25.0319,46.9987,292.19,77,75,5.14,MG,1689961364
122,San Antonio De Pale,-1.4014,5.6325,296.52,72,56,3.64,GQ,1689961209
123,Scottburgh,-30.2867,30.7532,289.39,69,65,7.66,ZA,1689961280
124,Whitehorse,60.7161,-135.0538,294.32,59,75,1.03,CA,1689961280
125,East Grand Forks,47.93,-97.0245,299.31,51,40,3.09,US,1689961280
126,Qaqortoq,60.7167,-46.0333,278.29,97,92,3.3,GL,1689961275
127,Waitangi,-43.9535,-176.5597,284.16,95,100,4.02,NZ,1689961769
128,Taiynsha,53.8478,69.7639,288.82,78,73,5.67,KZ,1689961281
129,Atafu Village,-8.5421,-172.5159,301.72,74,94,4.55,TK,1689961180
130,Karacasu,37.7282,28.6057,301.42,31,0,2.05,TR,1689961281
131,Adamstown,-25.066,-130.1015,294.01,70,41,13.82,PN,1689961772
132,Hadibu,12.65,54.0333,299.15,78,100,9.45,YE,1689961281
133,Hedemora,60.2797,15.9886,288.65,87,72,0.89,SE,1689961281
134,Wailua Homesteads,22.0669,-159.378,299.59,89,75,8.23,US,1689961189
135,Punta Arenas,-53.15,-70.9167,270.99,100,100,2.01,CL,1689961277
136,Edinburgh Of The Seven Seas,-37.0676,-12.3116,285.19,60,100,7.79,SH,1689961178
137,Stanley,54.868,-1.6985,287.48,86,40,1.03,GB,1689961277
138,San Luis De La Loma,17.2706,-100.8939,305.78,60,25,3.94,MX,1689961282
139,Utrik,11.2278,169.8474,301.49,76,91,9.54,MH,1689961282
140,Port-Aux-Francais,-49.35,70.2167,273.61,61,94,17.75,TF,1689961178
141,Port Lincoln,-34.7333,135.8667,285.9,74,100,5.73,AU,1689961210
142,Puerto Natales,-51.7236,-72.4875,272.06,96,100,1.9,CL,1689961660
143,Port-Aux-Francais,-49.35,70.2167,273.61,61,94,17.75,TF,1689961178
144,La'Ie,21.6477,-157.9253,298.15,88,69,2.24,US,1689961283
145,Tiksi,71.6872,128.8694,278.75,75,57,3.87,RU,1689961778
146,Albany,42.6001,-73.9662,299.39,79,49,2.38,US,1689961084
147,Grytviken,-54.2811,-36.5092,274.46,98,100,5.56,GS,1689961270
148,Adamstown,-25.066,-130.1015,294.01,70,41,13.82,PN,1689961772
149,Papatowai,-46.5619,169.4708,278.58,76,6,6.17,NZ,1689961559
150,Port-Aux-Francais,-49.35,70.2167,273.61,61,94,17.75,TF,1689961178
151,Iskateley,67.6803,53.1512,284.54,89,80,7.08,RU,1689961283
152,Edinburgh Of The Seven Seas,-37.0676,-12.3116,285.19,60,100,7.79,SH,1689961178
153,Vilyuysk,63.7553,121.6247,284.92,83,1,1.15,RU,1689961278
154,Santa Marta,11.2408,-74.199,306.18,62,20,3.09,CO,1689961081
155,Port-Aux-Francais,-49.35,70.2167,273.61,61,94,17.75,TF,1689961178
156,Trincomalee,8.5711,81.2335,300.79,75,100,9.68,LK,1689961790
157,Waitangi,-43.9535,-176.5597,284.16,95,100,4.02,NZ,1689961769
158,Silver Springs,29.1044,-82.0206,308.67,66,9,1.34,US,1689961284
159,Sur,22.5667,59.5289,303.56,73,99,8.23,OM,1689961284
160,Dudinka,69.4058,86.1778,294.05,66,100,4.3,RU,1689961284
161,Iqaluit,63.7506,-68.5145,280.0,87,75,3.6,CA,1689961284
162,Margaret River,-33.95,115.0667,286.67,66,2,2.05,AU,1689961770
163,Blackmans Bay,-43.0167,147.3167,280.11,88,34,2.9,AU,1689961279
164,Santa Ana,33.7456,-117.8678,309.49,76,75,7.2,US,1689961159
165,Port-Aux-Francais,-49.35,70.2167,273.61,61,94,17.75,TF,1689961178
166,Guangyuan,32.442,105.823,297.02,96,8,0.84,CN,1689961285
167,Waitangi,-43.9535,-176.5597,284.16,95,100,4.02,NZ,1689961769
168,Port Lincoln,-34.7333,135.8667,285.9,74,100,5.73,AU,1689961210
169,Mili,6.0815,171.735,300.98,83,100,8.3,MH,1689961274
170,Margaret River,-33.95,115.0667,286.67,66,2,2.05,AU,1689961770
171,Hamilton,39.1834,-84.5333,300.49,62,20,4.63,US,1689961272
172,Sal Rei,16.1833,-22.9167,303.26,62,40,6.17,CV,1689961286
173,Waitangi,-43.9535,-176.5597,284.16,95,100,4.02,NZ,1689961769
174,Itoman,26.1247,127.6694,302.16,79,76,3.09,JP,1689961286
175,Port Alfred,-33.5906,26.891,289.82,62,51,6.86,ZA,1689961558
176,Margaret River,-33.95,115.0667,286.67,66,2,2.05,AU,1689961770
177,Hithadhoo,-0.6,73.0833,301.31,78,90,5.1,MV,1689961317
178,Ende,-8.8432,121.6623,294.97,91,15,2.09,ID,1689961286
179,West Island,-12.1568,96.8225,298.14,78,40,7.2,CC,1689961286
180,Stanley,54.868,-1.6985,287.48,86,40,1.03,GB,1689961277
181,Xiongzhou,25.1167,114.3,299.56,87,100,1.52,CN,1689961287
182,Jose Bonifacio,-21.0528,-49.6883,300.74,29,0,4.7,BR,1689961287
183,Kununurra,-15.7667,128.7333,289.14,82,6,0.0,AU,1689961288
184,Sevsk,52.1491,34.4926,288.33,79,65,2.94,RU,1689961288
185,Tarawa,1.419,172.984,299.2,94,75,1.03,KI,1689961288
186,Fort Bragg,35.139,-79.006,307.23,50,20,6.69,US,1689961115
187,Rongelap,11.1635,166.8941,301.35,79,59,8.16,MH,1689961278
188,Qaqortoq,60.7167,-46.0333,278.29,97,92,3.3,GL,1689961275
189,Goroka,-6.0834,145.3873,289.18,98,86,0.81,PG,1689961289
190,Ayorou,14.7308,0.9174,307.33,40,100,2.75,NE,1689961289
191,Yellowknife,62.456,-114.3525,297.44,46,100,3.6,CA,1689961273
192,Bethel,41.3712,-73.414,301.2,64,75,6.17,US,1689961271
193,Mejit,10.2753,170.8646,301.35,77,97,8.78,MH,1689961289
194,Port-Aux-Francais,-49.35,70.2167,273.61,61,94,17.75,TF,1689961178
195,Selfoss,63.9331,-20.9971,287.62,75,80,5.02,IS,1689961290
196,Aykhal,66.0,111.5,288.37,88,41,4.8,RU,1689961281
197,Margaret River,-33.95,115.0667,286.67,66,2,2.05,AU,1689961770
198,Dudinka,69.4058,86.1778,294.05,66,100,4.3,RU,1689961284
199,Remire-Montjoly,4.9167,-52.2667,300.17,83,100,2.57,GF,1689961091
200,Mount Pearl,47.5166,-52.7813,301.11,63,20,7.72,CA,1689961291
201,Waitangi,-43.9535,-176.5597,284.16,95,100,4.02,NZ,1689961769
202,Xiangtan,27.85,112.9,304.33,84,50,2.03,CN,1689961272
203,Holualoa,19.6228,-155.9522,299.19,89,100,1.79,US,1689961291
204,Chernyshevskiy,63.0128,112.4714,288.06,72,85,0.65,RU,1689961291
205,Mahanoro,-19.9,48.8,293.22,89,38,2.61,MG,1689961291
206,Bubaque,11.2833,-15.8333,301.86,78,81,5.23,GW,1689961291
207,Alice Springs,-23.7,133.8833,276.9,87,0,2.06,AU,1689961292
208,Tamanrasset,22.785,5.5228,306.1,11,0,3.6,DZ,1689961292
209,Sinabang,2.4803,96.3801,298.84,86,62,1.24,ID,1689961292
210,Papatowai,-46.5619,169.4708,278.58,76,6,6.17,NZ,1689961559
211,Palikir - National Government Center,6.9248,158.1611,300.53,80,98,7.97,FM,1689961292
212,Blackmans Bay,-43.0167,147.3167,280.11,88,34,2.9,AU,1689961279
213,Ilulissat,69.2167,-51.1,279.16,93,75,2.57,GL,1689961279
214,Invercargill,-46.4,168.35,273.16,99,11,0.89,NZ,1689961557
215,Pangkalanbuun,-2.6833,111.6167,295.5,99,46,1.25,ID,1689961293
216,Usinsk,65.9939,57.5281,291.64,77,58,2.56,RU,1689961293
217,Blackmans Bay,-43.0167,147.3167,280.11,88,34,2.9,AU,1689961279
218,Waitangi,-43.9535,-176.5597,284.16,95,100,4.02,NZ,1689961769
219,Ar Rahad,12.7167,30.65,296.96,71,95,10.26,SD,1689961293
220,Puerto Natales,-51.7236,-72.4875,272.06,96,100,1.9,CL,1689961660
221,Albany,42.6001,-73.9662,299.39,79,49,2.38,US,1689961084
222,Iqaluit,63.7506,-68.5145,280.0,87,75,3.6,CA,1689961284
223,Waitangi,-43.9535,-176.5597,284.16,95,100,4.02,NZ,1689961769
224,Howrah,22.5892,88.3103,302.15,89,75,4.12,IN,1689961294
225,Grytviken,-54.2811,-36.5092,274.46,98,100,5.56,GS,1689961270
226,Zonguldak,41.25,31.8333,291.95,72,0,0.91,TR,1689961294
227,Yellowknife,62.456,-114.3525,297.44,46,100,3.6,CA,1689961273
228,Aspen,39.1911,-106.8175,297.19,33,0,2.06,US,1689961061
229,Isafjordur,66.0755,-23.124,283.17,81,75,4.12,IS,1689961771
230,Grytviken,-54.2811,-36.5092,274.46,98,100,5.56,GS,1689961270
231,Debre Birhan,9.6833,39.5333,286.58,78,100,0.67,ET,1689961295
232,Tralee,52.2704,-9.7026,288.29,77,100,5.14,IE,1689961295
233,Taoudenni,22.6783,-3.9836,318.59,6,1,4.29,ML,1689961295
234,Albany,42.6001,-73.9662,299.39,79,49,2.38,US,1689961084
235,Coishco,-9.0231,-78.6156,293.42,83,100,6.12,PE,1689961295
236,Steamboat Springs,40.485,-106.8317,297.22,40,0,2.06,US,1689961295
237,Puerto Natales,-51.7236,-72.4875,272.06,96,100,1.9,CL,1689961660
238,Kzyltu,53.6364,72.3414,292.47,63,78,6.36,KZ,1689961295
239,Margaret River,-33.95,115.0667,286.67,66,2,2.05,AU,1689961770
240,Princeton,25.5384,-80.4089,307.6,65,75,3.09,US,1689961296
241,Klyuchi,52.2667,79.1667,292.79,70,90,4.53,RU,1689961296
242,Vila Velha,-20.3297,-40.2925,296.12,71,75,4.63,BR,1689961296
243,Ubinskoye,55.3068,79.6802,290.36,86,58,3.54,RU,1689961296
244,Kasumkent,41.6773,48.146,295.91,70,0,2.18,RU,1689961296
245,Tazovsky,67.4667,78.7,291.31,65,95,3.21,RU,1689961296
246,Crane,31.3974,-102.3501,308.31,23,43,7.85,US,1689961771
247,Yellowknife,62.456,-114.3525,297.44,46,100,3.6,CA,1689961273
248,Pisco,-13.7,-76.2167,292.6,88,75,3.6,PE,1689961297
249,Udachny,66.4167,112.4,289.51,82,71,3.63,RU,1689961280
250,Waitangi,-43.9535,-176.5597,284.16,95,100,4.02,NZ,1689961769
251,Chonchi,-42.6128,-73.8092,282.1,97,100,3.54,CL,1689961297
252,Adamstown,-25.066,-130.1015,294.01,70,41,13.82,PN,1689961772
253,Port-Aux-Francais,-49.35,70.2167,273.61,61,94,17.75,TF,1689961178
254,Labrador City,52.9463,-66.9114,293.1,49,75,7.2,CA,1689961214
255,Iqaluit,63.7506,-68.5145,280.0,87,75,3.6,CA,1689961284
256,Rayong,12.8333,101.4333,299.53,99,100,2.08,TH,1689961297
257,Grytviken,-54.2811,-36.5092,274.46,98,100,5.56,GS,1689961270
258,Waitangi,-43.9535,-176.5597,284.16,95,100,4.02,NZ,1689961769
259,Adamstown,-25.066,-130.1015,294.01,70,41,13.82,PN,1689961772
260,Agde,43.3108,3.4758,303.07,37,0,9.77,FR,1689961298
261,Kingscliff,-28.2667,153.5667,284.69,93,6,1.03,AU,1689961005
262,Port-Aux-Francais,-49.35,70.2167,273.61,61,94,17.75,TF,1689961178
263,Tsiombe,-25.3,45.4833,291.78,65,98,6.55,MG,1689961293
264,Pisco,-13.7,-76.2167,292.6,88,75,3.6,PE,1689961297
265,Juneau,58.3019,-134.4197,289.94,98,100,3.6,US,1689961298
266,Lihue,21.9789,-159.3672,299.92,81,75,8.23,US,1689961229
267,Port-Aux-Francais,-49.35,70.2167,273.61,61,94,17.75,TF,1689961178
268,Longyearbyen,78.2186,15.6401,281.06,81,75,6.69,SJ,1689961272
269,Edinburgh Of The Seven Seas,-37.0676,-12.3116,285.19,60,100,7.79,SH,1689961178
270,Basco,20.4487,121.9702,302.34,77,7,5.41,PH,1689961299
271,Atafu Village,-8.5421,-172.5159,301.72,74,94,4.55,TK,1689961180
272,Invercargill,-46.4,168.35,273.16,99,11,0.89,NZ,1689961557
273,Nandlstadt,48.5333,11.8,294.49,72,0,4.63,DE,1689961299
274,Nova Sintra,14.8667,-24.7167,296.32,82,18,7.33,CV,1689961299
275,Utrik,11.2278,169.8474,301.49,76,91,9.54,MH,1689961282
276,Bilibino,68.0546,166.4372,291.85,60,77,1.19,RU,1689961778
277,Iqaluit,63.7506,-68.5145,280.0,87,75,3.6,CA,1689961284
278,Yellowknife,62.456,-114.3525,297.44,46,100,3.6,CA,1689961273
279,Cestos City,5.46,-9.5828,298.8,82,87,6.4,LR,1689961300
280,Morondava,-20.2833,44.2833,297.22,80,0,7.89,MG,1689961300
281,Lobujya,27.95,86.8167,276.81,91,73,2.15,NP,1689961300
282,Avarua,-21.2078,-159.775,295.18,68,40,9.26,CK,1689961300
283,Uray,60.1247,64.7758,289.36,78,70,3.85,RU,1689961300
284,Mosjoen,65.836,13.1908,291.44,63,40,2.68,NO,1689961301
285,Port-Aux-Francais,-49.35,70.2167,273.61,61,94,17.75,TF,1689961178
286,Paradip Garh,20.3167,86.6167,301.74,84,98,3.38,IN,1689961301
287,Yellowknife,62.456,-114.3525,297.44,46,100,3.6,CA,1689961273
288,Bethel,41.3712,-73.414,301.2,64,75,6.17,US,1689961271
289,Waitangi,-43.9535,-176.5597,284.16,95,100,4.02,NZ,1689961769
290,Angaur State,6.906,134.13,301.42,80,98,6.89,PW,1689961301
291,Georgetown,5.4112,100.3354,301.12,89,20,1.54,MY,1689961181
292,Mitsamiouli,-11.3847,43.2844,299.31,78,75,1.03,KM,1689961302
293,Ushuaia,-54.8,-68.3,271.96,69,20,7.2,AR,1689961768
294,Lihue,21.9789,-159.3672,299.92,81,75,8.23,US,1689961229
295,Tralee,52.2704,-9.7026,288.29,77,100,5.14,IE,1689961295
296,Camacupa,-12.0167,17.4833,296.59,25,72,1.08,AO,1689961302
297,Invercargill,-46.4,168.35,273.16,99,11,0.89,NZ,1689961557
298,Punta Arenas,-53.15,-70.9167,270.99,100,100,2.01,CL,1689961277
299,Georgetown,5.4112,100.3354,301.12,89,20,1.54,MY,1689961181
300,Bilibino,68.0546,166.4372,291.85,60,77,1.19,RU,1689961778
301,Corlette,-32.7201,152.1085,284.7,91,79,4.92,AU,1689961303
302,Anadyr,64.75,177.4833,285.43,93,40,1.0,RU,1689961278
303,Ploneour-Lanvern,47.9,-4.2833,292.33,59,0,6.17,FR,1689961303
304,Mitsamiouli,-11.3847,43.2844,299.31,78,75,1.03,KM,1689961302
305,Chonchi,-42.6128,-73.8092,282.1,97,100,3.54,CL,1689961297
306,Georgetown,5.4112,100.3354,301.12,89,20,1.54,MY,1689961810
307,Grytviken,-54.2811,-36.5092,274.46,98,100,5.56,GS,1689961270
308,Vila Franca Do Campo,37.7167,-25.4333,295.38,86,100,1.02,PT,1689961422
309,Punta Arenas,-53.15,-70.9167,270.99,100,100,2.01,CL,1689961277
310,Kruisfontein,-34.0033,24.7314,287.49,59,1,4.05,ZA,1689961303
311,Nemuro,43.3236,145.575,287.46,98,27,5.26,JP,1689961304
312,Tomatlan,19.9333,-105.25,309.48,38,44,3.19,MX,1689961304
313,Susuman,62.7833,148.1667,289.41,65,5,2.37,RU,1689961304
314,Iqaluit,63.7506,-68.5145,280.0,87,75,3.6,CA,1689961284
315,Hilo,19.7297,-155.09,297.38,85,75,3.6,US,1689961259
316,Qaqortoq,60.7167,-46.0333,278.29,97,92,3.3,GL,1689961275
317,Mejit,10.2753,170.8646,301.35,77,97,8.78,MH,1689961289
318,Tiksi,71.6872,128.8694,278.75,75,57,3.87,RU,1689961778
319,Waitangi,-43.9535,-176.5597,284.16,95,100,4.02,NZ,1689961769
320,Port-Aux-Francais,-49.35,70.2167,273.61,61,94,17.75,TF,1689961178
321,Port-Aux-Francais,-49.35,70.2167,273.61,61,94,17.75,TF,1689961178
322,Ushuaia,-54.8,-68.3,271.96,69,20,7.2,AR,1689961768
323,Adamstown,-25.066,-130.1015,294.01,70,41,13.82,PN,1689961772
324,Santa Terezinha,-29.9002,-50.0904,292.94,81,2,5.69,BR,1689961305
325,Port-Aux-Francais,-49.35,70.2167,273.61,61,94,17.75,TF,1689961178
326,Labytnangi,66.6572,66.4183,292.0,86,100,1.61,RU,1689961238
327,Wailua Homesteads,22.0669,-159.378,299.59,89,75,8.23,US,1689961189
328,Port-Aux-Francais,-49.35,70.2167,273.61,61,94,17.75,TF,1689961178
329,Smithers,54.7804,-127.1743,288.33,94,100,2.57,CA,1689961813
330,Adamstown,-25.066,-130.1015,294.01,70,41,13.82,PN,1689961772
331,Kone,-21.0595,164.8658,288.72,81,43,0.17,NC,1689961306
332,Jayapura,-2.5333,140.7,297.81,93,81,2.06,ID,1689961306
333,Port Mathurin,-19.6833,63.4167,296.72,67,2,8.21,MU,1689961189
334,Ulaangom,49.9811,92.0667,290.81,59,17,0.23,MN,1689961306
335,Longyearbyen,78.2186,15.6401,281.06,81,75,6.69,SJ,1689961272
336,Markaz-E Hukumat-E Darweshan,31.1323,64.1934,308.17,12,79,3.98,AF,1689961307
337,Tahe,52.3333,124.7333,285.93,70,84,1.0,CN,1689961307
338,Columbus,39.9612,-82.9988,299.64,66,100,4.63,US,1689961094
339,Waitangi,-43.9535,-176.5597,284.16,95,100,4.02,NZ,1689961769
340,Colac,-38.3333,143.5833,279.91,94,39,2.17,AU,1689961096
341,Adamstown,-25.066,-130.1015,294.01,70,41,13.82,PN,1689961772
342,Bethel,41.3712,-73.414,301.2,64,75,6.17,US,1689961271
343,Grytviken,-54.2811,-36.5092,274.46,98,100,5.56,GS,1689961270
344,Iskateley,67.6803,53.1512,284.54,89,80,7.08,RU,1689961283
345,Ain Sukhna,29.6002,32.3167,304.62,24,0,5.99,EG,1689961308
346,Tuy Hoa,13.0833,109.3,298.67,93,100,1.36,VN,1689961308
347,Whitehorse,60.7161,-135.0538,294.32,59,75,1.03,CA,1689961280
348,Bethel,41.3712,-73.414,301.2,64,75,6.17,US,1689961271
349,Ribeira Grande,38.5167,-28.7,295.37,83,75,2.24,PT,1689961308
350,Jamestown,42.097,-79.2353,295.12,73,75,6.17,US,1689961276
351,Prince George,53.9166,-122.753,296.07,69,0,1.54,CA,1689961308
352,Kazerun,29.6195,51.6541,305.79,11,9,0.47,IR,1689961309
353,Mount Isa,-20.7333,139.5,288.02,51,0,8.75,AU,1689961155
354,Longyearbyen,78.2186,15.6401,281.06,81,75,6.69,SJ,1689961272
355,Edinburgh Of The Seven Seas,-37.0676,-12.3116,285.19,60,100,7.79,SH,1689961178
356,Isafjordur,66.0755,-23.124,283.17,81,75,4.12,IS,1689961771
357,Berlin,52.5244,13.4105,295.57,81,0,2.57,DE,1689961097
358,Kingston,17.997,-76.7936,309.4,62,20,11.83,JM,1689961187
359,Invercargill,-46.4,168.35,273.16,99,11,0.89,NZ,1689961557
360,Grytviken,-54.2811,-36.5092,274.46,98,100,5.56,GS,1689961270
361,Howard Springs,-12.497,131.047,295.1,64,6,3.03,AU,1689961311
362,Kuraymah,18.55,31.85,312.6,9,86,4.16,SD,1689961311
363,Bethel,41.3712,-73.414,301.2,64,75,6.17,US,1689961271
364,Goundam,16.4145,-3.6708,313.04,22,19,4.7,ML,1689961312
365,Blackmans Bay,-43.0167,147.3167,280.11,88,34,2.9,AU,1689961279
366,Mahina,-17.5065,-149.489,294.02,78,20,1.54,PF,1689961312
367,Lihue,21.9789,-159.3672,299.92,81,75,8.23,US,1689961229
368,Margaret River,-33.95,115.0667,286.67,66,2,2.05,AU,1689961770
369,Kingston,17.997,-76.7936,309.4,62,20,11.83,JM,1689961187
370,Nabire,-3.3667,135.4833,296.93,93,43,1.82,ID,1689961313
371,Ribeira Grande,38.5167,-28.7,295.37,83,75,2.24,PT,1689961308
372,Yellowknife,62.456,-114.3525,297.44,46,100,3.6,CA,1689961273
373,Ushuaia,-54.8,-68.3,271.96,69,20,7.2,AR,1689961768
374,Margaret River,-33.95,115.0667,286.67,66,2,2.05,AU,1689961770
375,Waitangi,-43.9535,-176.5597,284.16,95,100,4.02,NZ,1689961769
376,Puerto Ayacucho,5.6639,-67.6236,303.72,61,99,1.74,VE,1689961314
377,Port-Aux-Francais,-49.35,70.2167,273.61,61,94,17.75,TF,1689961178
378,Puerto Baquerizo Moreno,-0.9,-89.6,301.7,70,40,4.12,EC,1689961345
379,Touros,-5.1989,-35.4608,301.0,60,27,8.52,BR,1689961786
380,Port Elizabeth,-33.918,25.5701,288.31,72,0,4.63,ZA,1689961203
381,Albany,42.6001,-73.9662,299.39,79,49,2.38,US,1689961084
382,Anadyr,64.75,177.4833,285.43,93,40,1.0,RU,1689961278
383,St. John'S,47.5649,-52.7093,301.57,66,20,7.72,CA,1689961193
384,Port Elizabeth,-33.918,25.5701,288.31,72,0,4.63,ZA,1689961203
385,Vorgashor,67.5833,63.95,291.02,83,50,2.09,RU,1689961820
386,Petropavlovsk-Kamchatsky,53.0452,158.6483,283.48,100,20,2.0,RU,1689961276
387,Adamstown,-25.066,-130.1015,294.01,70,41,13.82,PN,1689961772
388,Ciutadella,40.0011,3.8414,300.6,65,0,6.37,ES,1689961315
389,Bredasdorp,-34.5322,20.0403,281.48,65,45,1.3,ZA,1689961315
390,Port-Aux-Francais,-49.35,70.2167,273.61,61,94,17.75,TF,1689961178
391,Sabha,27.0377,14.4283,308.62,11,0,4.49,LY,1689961316
392,Broome,42.2506,-75.833,297.98,84,100,3.6,US,1689961316
393,Hamilton,39.1834,-84.5333,300.49,62,20,4.63,US,1689961272
394,Tralee,52.2704,-9.7026,288.29,77,100,5.14,IE,1689961295
395,Sault Ste. Marie,46.5168,-84.3333,295.46,72,0,6.69,CA,1689961101
396,Port-Aux-Francais,-49.35,70.2167,273.61,61,94,17.75,TF,1689961178
397,Udachny,66.4167,112.4,289.51,82,71,3.63,RU,1689961280
398,Klyuchi,52.2667,79.1667,292.79,70,90,4.53,RU,1689961296
399,Tazovsky,67.4667,78.7,291.31,65,95,3.21,RU,1689961296
400,Albany,42.6001,-73.9662,299.39,79,49,2.38,US,1689961084
401,Waitangi,-43.9535,-176.5597,284.16,95,100,4.02,NZ,1689961769
402,Port Lincoln,-34.7333,135.8667,284.98,76,100,4.42,AU,1689961620
403,Labrador City,52.9463,-66.9114,293.1,49,75,7.2,CA,1689961214
404,Waitangi,-43.9535,-176.5597,284.16,95,100,4.02,NZ,1689961769
405,Kamaishi,39.2667,141.8833,292.72,89,2,1.68,JP,1689961317
406,Reggane,26.7158,0.1714,316.89,6,0,7.22,DZ,1689961317
407,Vorgashor,67.5833,63.95,291.02,83,50,2.09,RU,1689961820
408,Thompson,55.7435,-97.8558,295.24,60,75,5.66,CA,1689961481
409,Hithadhoo,-0.6,73.0833,301.31,78,90,5.1,MV,1689961317
410,Ilulissat,69.2167,-51.1,279.16,93,75,2.57,GL,1689961279
411,Puerto Natales,-51.7236,-72.4875,272.06,96,100,1.9,CL,1689961660
412,Prince Rupert,54.3161,-130.3201,288.98,86,100,4.12,CA,1689961304
413,Altamira,-3.2033,-52.2064,305.2,58,40,3.6,BR,1689961318
414,Adamstown,-25.066,-130.1015,294.01,70,41,13.82,PN,1689961772
415,Invercargill,-46.4,168.35,273.16,99,11,0.89,NZ,1689961557
416,Punta Arenas,-53.15,-70.9167,270.99,100,100,2.01,CL,1689961277
417,Batticaloa,7.7102,81.6924,301.33,60,98,4.61,LK,1689961318
418,Rio Grande,-32.035,-52.0986,298.21,83,36,6.45,BR,1689961278
419,Port-Aux-Francais,-49.35,70.2167,273.61,61,94,17.75,TF,1689961178
420,Sterling,39.0062,-77.4286,304.13,57,40,4.63,US,1689961091
421,Adamstown,-25.066,-130.1015,294.01,70,41,13.82,PN,1689961772
422,Port Elizabeth,-33.918,25.5701,288.31,72,0,4.63,ZA,1689961203
423,Novodvinsk,64.4165,40.8122,289.93,94,35,1.95,RU,1689961319
424,Grytviken,-54.2811,-36.5092,274.46,98,100,5.56,GS,1689961270
425,Port-Aux-Francais,-49.35,70.2167,273.61,61,94,17.75,TF,1689961178
426,Xining,36.6167,101.7667,285.99,52,1,2.17,CN,1689961319
427,Ushuaia,-54.8,-68.3,271.96,69,20,7.2,AR,1689961768
428,Bikenibeu Village,1.3673,173.1241,299.13,94,75,1.03,KI,1689961320
429,Sisimiut,66.9395,-53.6735,279.03,95,100,7.03,GL,1689961246
430,Vorgashor,67.5833,63.95,291.02,83,50,2.09,RU,1689961820
431,Queenstown,-31.8976,26.8753,283.07,71,85,2.41,ZA,1689961320
432,Isafjordur,66.0755,-23.124,283.17,81,75,4.12,IS,1689961771
433,Kavaratti,10.5669,72.642,301.35,79,63,8.6,IN,1689961320
434,Atafu Village,-8.5421,-172.5159,301.72,74,94,4.55,TK,1689961180
435,East London,-33.0153,27.9116,287.67,72,0,4.63,ZA,1689961320
436,Grytviken,-54.2811,-36.5092,274.46,98,100,5.56,GS,1689961270
437,Minas De Marcona,-15.2119,-75.1103,292.15,55,5,5.67,PE,1689961320
438,Port-Aux-Francais,-49.35,70.2167,273.61,61,94,17.75,TF,1689961178
439,Adamstown,-25.066,-130.1015,294.01,70,41,13.82,PN,1689961772
440,Atafu Village,-8.5421,-172.5159,301.72,74,94,4.55,TK,1689961180
441,Kisangani,0.5167,25.2,297.96,75,73,1.54,CD,1689961321
442,Port-Aux-Francais,-49.35,70.2167,273.61,61,94,17.75,TF,1689961178
443,Margaret River,-33.95,115.0667,286.67,66,2,2.05,AU,1689961770
444,Port Alfred,-33.5906,26.891,289.82,62,51,6.86,ZA,1689961558
445,Lihue,21.9789,-159.3672,299.92,81,75,8.23,US,1689961229
446,Inhambane,-23.865,35.3833,293.14,68,40,3.6,MZ,1689961321
447,La Villa Del Rosario,10.3258,-72.3134,308.99,45,10,1.61,VE,1689961322
448,Iqaluit,63.7506,-68.5145,280.0,87,75,3.6,CA,1689961284
449,Kodiak,57.79,-152.4072,284.88,82,0,0.0,US,1689961322
450,Sambava,-14.2667,50.1667,292.79,97,96,1.13,MG,1689961322
451,Adamstown,-25.066,-130.1015,294.01,70,41,13.82,PN,1689961772
452,Rundu,-17.9333,19.7667,294.64,25,22,2.91,NA,1689961322
453,Stanley,54.868,-1.6985,287.48,86,40,1.03,GB,1689961277
454,Puerto Ayora,-0.7393,-90.3518,303.13,87,79,4.02,EC,1689961323
455,Tralee,52.2704,-9.7026,288.29,77,100,5.14,IE,1689961295
456,Puerto Natales,-51.7236,-72.4875,272.06,96,100,1.9,CL,1689961660
457,Papatowai,-46.5619,169.4708,278.58,76,6,6.17,NZ,1689961559
458,Zouerate,22.7187,-12.4521,316.11,8,0,3.99,MR,1689961323
459,Naha,26.2125,127.6811,302.1,79,75,3.09,JP,1689961272
460,Almora,29.6167,79.6667,293.43,94,99,0.73,IN,1689961323
461,Fisterra,42.9049,-9.2629,297.45,83,0,7.93,ES,1689961323
462,Grytviken,-54.2811,-36.5092,274.46,98,100,5.56,GS,1689961270
463,Swift Current,50.2834,-107.8014,298.6,33,0,2.06,CA,1689961235
464,Papao,-17.75,-149.55,293.97,58,61,5.83,PF,1689961204
465,Meulaboh,4.1363,96.1285,298.71,88,86,1.78,ID,1689961324
466,Port-Aux-Francais,-49.35,70.2167,273.61,61,94,17.75,TF,1689961178
467,Badger,64.8,-147.5333,294.33,78,20,0.0,US,1689961227
468,Nemuro,43.3236,145.575,287.46,98,27,5.26,JP,1689961304
469,Biloela,-24.4167,150.5,285.75,58,22,2.17,AU,1689961324
470,Papatowai,-46.5619,169.4708,278.58,76,6,6.17,NZ,1689961559
471,Hermanus,-34.4187,19.2345,279.15,71,32,1.59,ZA,1689961325
472,Whitehorse,60.7161,-135.0538,294.32,59,75,1.03,CA,1689961280
473,Margaret River,-33.95,115.0667,286.67,66,2,2.05,AU,1689961770
474,Waitangi,-43.9535,-176.5597,284.16,95,100,4.02,NZ,1689961769
475,Port-Aux-Francais,-49.35,70.2167,273.61,61,94,17.75,TF,1689961178
476,Grytviken,-54.2811,-36.5092,274.46,98,100,5.56,GS,1689961270
477,Puerto Natales,-51.7236,-72.4875,272.06,96,100,1.9,CL,1689961660
478,Atafu Village,-8.5421,-172.5159,301.72,74,94,4.55,TK,1689961180
479,Hadibu,12.65,54.0333,299.15,78,100,9.45,YE,1689961281
480,Floro,61.5996,5.0328,289.13,67,40,5.66,NO,1689961325
481,Palmer,42.1584,-72.3287,300.25,69,100,3.09,US,1689961132
482,Inari,68.906,27.0288,284.26,78,96,6.07,FI,1689961326
483,Uray,60.1247,64.7758,289.36,78,70,3.85,RU,1689961300
484,Kodiak,57.79,-152.4072,284.88,82,0,0.0,US,1689961322
485,Ancud,-41.8697,-73.8203,283.34,85,100,12.51,CL,1689961326
486,Mejit,10.2753,170.8646,301.35,77,97,8.78,MH,1689961289
487,'Ain El Melh,34.8415,4.1638,311.33,8,99,4.21,DZ,1689961326
488,Aleksandrov Gay,50.147,48.5704,293.56,67,98,4.78,RU,1689961326
489,Talnakh,69.4865,88.3972,293.82,66,98,3.74,RU,1689961326
490,Malanje,-9.5402,16.341,298.8,25,49,0.8,AO,1689961327
491,Nadi,-17.8,177.4167,293.15,94,20,2.57,FJ,1689961327
492,Ribeira Grande,38.5167,-28.7,295.37,83,75,2.24,PT,1689961308
493,Albany,42.6001,-73.9662,299.39,79,49,2.38,US,1689961084
494,Pariaman,-0.619,100.12,297.18,84,48,1.7,ID,1689961327
495,Goure,13.9835,10.2704,297.79,74,79,13.11,NE,1689961327
496,Port Mathurin,-19.6833,63.4167,296.72,67,2,8.21,MU,1689961189
497,Port Moresby,-9.4431,147.1797,297.83,78,40,3.6,PG,1689961137
498,Bodo,67.28,14.405,288.58,88,75,2.06,NO,1689961328
499,Bethel,41.3712,-73.414,301.2,64,75,6.17,US,1689961271
500,Invercargill,-46.4,168.35,273.16,99,11,0.89,NZ,1689961557
501,Bredasdorp,-34.5322,20.0403,281.48,65,45,1.3,ZA,1689961315
502,Port-Aux-Francais,-49.35,70.2167,273.61,61,94,17.75,TF,1689961178
503,Vrangel',42.7297,133.0839,291.56,96,0,0.42,RU,1689961328
504,Nar'Yan-Mar,67.6713,53.087,284.54,89,82,7.0,RU,1689961328
505,Utrik,11.2278,169.8474,301.49,76,91,9.54,MH,1689961282
506,Karsun,54.1994,46.9827,287.45,96,100,1.99,RU,1689961329
507,Uzhur,55.3036,89.8339,288.67,90,81,1.9,RU,1689961329
508,Pechora,65.1472,57.2244,290.84,80,99,2.21,RU,1689961329
509,Avarua,-21.2078,-159.775,295.18,68,40,9.26,CK,1689961300
510,Olonkinbyen,70.9221,-8.7187,278.44,79,100,2.27,SJ,1689961769
511,Margaret River,-33.95,115.0667,286.67,66,2,2.05,AU,1689961770
512,Port-Aux-Francais,-49.35,70.2167,273.61,61,94,17.75,TF,1689961178
513,Puerto Ayora,-0.7393,-90.3518,303.13,87,79,4.02,EC,1689961323
514,Olonkinbyen,70.9221,-8.7187,278.44,79,100,2.27,SJ,1689961769
515,White Oak,39.2131,-84.5994,299.99,62,40,4.63,US,1689961330
516,Sinabang,2.4803,96.3801,298.84,86,62,1.24,ID,1689961292
517,Puerto Natales,-51.7236,-72.4875,272.06,96,100,1.9,CL,1689961660
518,Puerto Ayora,-0.7393,-90.3518,303.13,87,79,4.02,EC,1689961323
519,Bredasdorp,-34.5322,20.0403,281.48,65,45,1.3,ZA,1689961315
520,Papatowai,-46.5619,169.4708,278.58,76,6,6.17,NZ,1689961559
521,Iqaluit,63.7506,-68.5145,280.0,87,75,3.6,CA,1689961284
522,Terbanggi Besar,-4.8667,105.2333,296.53,90,89,2.57,ID,1689961331
523,Campo Grande,-20.4428,-54.6464,303.9,33,0,7.72,BR,1689961261
524,Sarapul,56.4763,53.7978,291.0,57,84,1.63,RU,1689961331
525,Adamstown,-25.066,-130.1015,294.01,70,41,13.82,PN,1689961772
526,Touros,-5.1989,-35.4608,301.0,60,27,8.52,BR,1689961786
527,Shadrinsk,56.0852,63.6335,289.33,72,33,4.06,RU,1689961331
528,Port Elizabeth,-33.918,25.5701,288.31,72,0,4.63,ZA,1689961203
529,Holualoa,19.6228,-155.9522,299.19,89,100,1.79,US,1689961291
530,Adamstown,-25.066,-130.1015,294.01,70,41,13.82,PN,1689961772
531,Luderitz,-26.6481,15.1594,285.08,78,3,2.27,NA,1689961248
532,Longyearbyen,78.2186,15.6401,281.06,81,75,6.69,SJ,1689961272
533,Baillif,16.0202,-61.7463,304.87,67,65,4.97,GP,1689961332
534,Arraial Do Cabo,-22.9661,-42.0278,297.07,60,20,7.72,BR,1689961332
535,College,64.8569,-147.8028,294.37,79,0,0.0,US,1689961274
536,Adamstown,-25.066,-130.1015,294.01,70,41,13.82,PN,1689961772
537,Blackmans Bay,-43.0167,147.3167,280.11,88,34,2.9,AU,1689961279
538,Bilibino,68.0546,166.4372,291.85,60,77,1.19,RU,1689961778
539,Edinburgh Of The Seven Seas,-37.0676,-12.3116,285.19,60,100,7.79,SH,1689961178
540,La Passe,45.5549,-0.8967,297.28,61,2,6.36,FR,1689961427
541,Hawaiian Paradise Park,19.5933,-154.9731,295.95,92,75,3.6,US,1689961333
542,Tura,25.5198,90.2201,297.72,96,99,2.2,IN,1689961837
543,Nova Sintra,14.8667,-24.7167,296.32,82,18,7.33,CV,1689961299
544,Grytviken,-54.2811,-36.5092,274.46,98,100,5.56,GS,1689961270
545,Georgetown,5.4112,100.3354,301.12,89,20,1.54,MY,1689961810
546,Wailua Homesteads,22.0669,-159.378,299.59,89,75,8.23,US,1689961189
547,Grand Falls-Windsor,48.9332,-55.6649,302.87,55,85,0.89,CA,1689961339
548,Wattegama,6.7989,81.4808,297.8,65,89,2.13,LK,1689961339
549,Tefe,-3.3542,-64.7114,304.21,66,40,1.54,BR,1689961152
550,Port-Aux-Francais,-49.35,70.2167,273.61,61,94,17.75,TF,1689961178
551,Adamstown,-25.066,-130.1015,294.01,70,41,13.82,PN,1689961772
552,Adamstown,-25.066,-130.1015,294.01,70,41,13.82,PN,1689961772
553,Ilulissat,69.2167,-51.1,279.16,93,75,2.57,GL,1689961279
554,Portland,45.5234,-122.6762,297.93,60,15,0.89,US,1689961263
555,Keflavik,64.0049,-22.5624,288.1,82,75,7.72,IS,1689961279
556,Praia Da Vitoria,38.7333,-27.0667,294.29,94,75,0.66,PT,1689961340
557,Blackmans Bay,-43.0167,147.3167,280.11,88,34,2.9,AU,1689961279
558,Port Mathurin,-19.6833,63.4167,296.72,67,2,8.21,MU,1689961189
559,Kirgiz-Miyaki,53.6324,54.7979,290.12,65,100,3.03,RU,1689961340
560,Patterson,37.4716,-121.1297,306.49,14,0,3.4,US,1689961340
561,Thompson,55.7435,-97.8558,295.24,60,75,5.66,CA,1689961481
562,Hawaiian Paradise Park,19.5933,-154.9731,295.95,92,75,3.6,US,1689961333
563,Haiku-Pauwela,20.9219,-156.3051,298.73,78,20,7.72,US,1689961341
564,Margaret River,-33.95,115.0667,286.67,66,2,2.05,AU,1689961770
565,Utrik,11.2278,169.8474,301.49,76,91,9.54,MH,1689961282
566,Codrington,-38.2667,141.9667,282.32,83,99,5.3,AU,1689961276
567,Yellowknife,62.456,-114.3525,297.44,46,100,3.6,CA,1689961273
568,Stanley,54.868,-1.6985,287.48,86,40,1.03,GB,1689961277
569,Avarua,-21.2078,-159.775,295.18,68,40,9.26,CK,1689961300
570,Vorgashor,67.5833,63.95,291.02,83,50,2.09,RU,1689961820
571,Urumqi,43.801,87.6005,301.68,30,0,2.0,CN,1689961082
572,Choibalsan,48.0667,114.5,287.91,67,94,3.03,MN,1689961342
573,Yarmouth,41.7057,-70.2286,299.8,81,0,2.68,US,1689961342
574,Puerto Natales,-51.7236,-72.4875,272.06,96,100,1.9,CL,1689961660
575,Gulf Shores,30.246,-87.7008,308.87,64,40,3.09,US,1689961270
576,Vorgashor,67.5833,63.95,291.02,83,50,2.09,RU,1689961820
577,Kencong,-8.2833,113.3667,294.31,87,1,0.37,ID,1689961342
578,Ahuacatlan,21.05,-104.4833,305.84,43,86,0.55,MX,1689961342
579,Sake,-1.5736,29.045,293.68,54,91,0.38,CD,1689961842
580,Lebu,-37.6167,-73.65,285.17,85,100,6.49,CL,1689961342
581,Hasaki,35.7333,140.8333,297.76,87,3,4.19,JP,1689961343
582,Cabo San Lucas,22.8909,-109.9124,309.76,62,0,4.63,MX,1689961113
583,Rancharia,-22.2292,-50.8931,301.22,35,0,4.12,BR,1689961343
584,Insuratei,44.9167,27.6,299.93,44,7,6.38,RO,1689961343
585,Vorgashor,67.5833,63.95,291.02,83,50,2.09,RU,1689961820
586,Minas De Marcona,-15.2119,-75.1103,292.15,55,5,5.67,PE,1689961320
587,Adamstown,-25.066,-130.1015,294.01,70,41,13.82,PN,1689961772
588,Rongelap,11.1635,166.8941,301.35,79,59,8.16,MH,1689961278
589,Ilulissat,69.2167,-51.1,279.16,93,75,2.57,GL,1689961279
590,Margaret River,-33.95,115.0667,286.67,66,2,2.05,AU,1689961770
591,Masina,-4.3836,15.3914,304.71,34,62,0.69,CD,1689961344
592,Sechelt,49.4664,-123.7694,297.77,78,95,4.42,CA,1689961262
593,Stanley,54.868,-1.6985,287.48,86,40,1.03,GB,1689961277
594,Adamstown,-25.066,-130.1015,294.01,70,41,13.82,PN,1689961772
595,West Island,-12.1568,96.8225,298.14,78,40,7.2,CC,1689961286
596,Pisco,-13.7,-76.2167,292.6,88,75,3.6,PE,1689961297
597,Chonchi,-42.6128,-73.8092,282.1,97,100,3.54,CL,1689961297
598,Waitangi,-43.9535,-176.5597,284.16,95,100,4.02,NZ,1689961769
599,Ashkasham,36.6833,71.5333,288.72,53,73,2.21,AF,1689961345
600,Port-Aux-Francais,-49.35,70.2167,273.61,61,94,17.75,TF,1689961178
601,Lompoc,34.6391,-120.4579,300.84,100,40,0.0,US,1689961149
602,Pokhara,28.2333,83.9833,296.28,88,44,1.49,NP,1689961345
603,Thompson,55.7435,-97.8558,295.24,60,75,5.66,CA,1689961481
604,Waitangi,-43.9535,-176.5597,284.16,95,100,4.02,NZ,1689961769
605,Shimoda,34.6667,138.95,295.43,88,16,4.24,JP,1689961346
606,Adamstown,-25.066,-130.1015,294.01,70,41,13.82,PN,1689961772
607,Thompson,55.7435,-97.8558,295.24,60,75,5.66,CA,1689961481
608,Sa Kaeo,13.75,102.3333,296.92,97,100,1.37,TH,1689961346
609,Tiksi,71.6872,128.8694,278.75,75,57,3.87,RU,1689961778
610,Zuni Pueblo,35.0725,-108.8506,305.5,13,25,1.71,US,1689961346
611,Olonkinbyen,70.9221,-8.7187,278.44,79,100,2.27,SJ,1689961769
612,Isafjordur,66.0755,-23.124,283.17,81,75,4.12,IS,1689961771
613,Longyearbyen,78.2186,15.6401,281.06,81,75,6.69,SJ,1689961272
614,Tiksi,71.6872,128.8694,278.75,75,57,3.87,RU,1689961778
615,Port-Aux-Francais,-49.35,70.2167,273.61,61,94,17.75,TF,1689961178
616,Astoria,46.1879,-123.8313,291.79,72,100,2.57,US,1689961347
617,Port-Aux-Francais,-49.35,70.2167,273.61,61,94,17.75,TF,1689961178
618,Cidreira,-30.1811,-50.2056,292.64,80,6,5.9,BR,1689961347
619,Antsiranana,-12.2787,49.2917,296.96,71,89,7.34,MG,1689961277
620,Puerto Natales,-51.7236,-72.4875,272.06,96,100,1.9,CL,1689961660
621,Dzuunharaa,48.8523,106.4579,288.08,95,78,1.33,MN,1689961347
622,Cetinje,42.3906,18.9142,302.94,70,0,0.51,ME,1689961347
623,Hermanus,-34.4187,19.2345,279.15,71,32,1.59,ZA,1689961325
624,Port-Aux-Francais,-49.35,70.2167,273.61,61,94,17.75,TF,1689961178
625,Rabaul,-4.1967,152.1721,299.21,82,76,3.84,PG,1689961348
626,Edinburgh Of The Seven Seas,-37.0676,-12.3116,285.19,60,100,7.79,SH,1689961178
627,Ushuaia,-54.8,-68.3,271.96,69,20,7.2,AR,1689961768
628,Yellowknife,62.456,-114.3525,297.44,46,100,3.6,CA,1689961273
629,Ammon,43.4696,-111.9666,301.45,42,0,2.06,US,1689961087
630,Alice Springs,-23.7,133.8833,276.9,87,0,2.06,AU,1689961292
631,Edinburgh Of The Seven Seas,-37.0676,-12.3116,285.19,60,100,7.79,SH,1689961178
632,Tiksi,71.6872,128.8694,278.75,75,57,3.87,RU,1689961778
633,Port Lincoln,-34.7333,135.8667,284.98,76,100,4.42,AU,1689961620
634,St. John'S,47.5649,-52.7093,301.57,66,20,7.72,CA,1689961193
635,West Island,-12.1568,96.8225,298.14,78,40,7.2,CC,1689961286
636,Tazovsky,67.4667,78.7,291.31,65,95,3.21,RU,1689961296
637,Bredasdorp,-34.5322,20.0403,281.48,65,45,1.3,ZA,1689961315
638,Bilibino,68.0546,166.4372,291.85,60,77,1.19,RU,1689961778
639,Magadan,59.5667,150.8,282.89,95,71,3.85,RU,1689961194
640,Port-Aux-Francais,-49.35,70.2167,273.61,61,94,17.75,TF,1689961178
641,Waitangi,-43.9535,-176.5597,284.16,95,100,4.02,NZ,1689961769
642,Egilsstadir,65.2653,-14.3948,288.1,63,75,3.09,IS,1689961848
643,Blackmans Bay,-43.0167,147.3167,280.11,88,34,2.9,AU,1689961279
644,Taoudenni,22.6783,-3.9836,318.59,6,1,4.29,ML,1689961295
645,Iqaluit,63.7506,-68.5145,280.0,87,75,3.6,CA,1689961284
646,Lazaro Cardenas,17.9583,-102.2,304.12,66,25,2.12,MX,1689961350
647,Labrador City,52.9463,-66.9114,293.1,49,75,7.2,CA,1689961214
648,Stanley,54.868,-1.6985,287.48,86,40,1.03,GB,1689961277
649,Tazacorte,28.629,-17.9293,298.23,77,20,9.26,ES,1689961350
650,Wakkanai,45.4094,141.6739,293.76,95,7,2.24,JP,1689961350
651,Yaren,-0.5472,166.916,300.97,74,100,2.61,NR,1689961350
652,Blackmans Bay,-43.0167,147.3167,280.11,88,34,2.9,AU,1689961279
653,Ushuaia,-54.8,-68.3,271.96,69,20,7.2,AR,1689961768
654,Nizhnesortymskiy,62.4397,71.7603,289.92,82,47,3.24,RU,1689961351
655,Port-Aux-Francais,-49.35,70.2167,273.61,61,94,17.75,TF,1689961178
656,St. John'S,47.5649,-52.7093,301.57,66,20,7.72,CA,1689961193
657,Bethel,41.3712,-73.414,301.2,64,75,6.17,US,1689961271
658,Iqaluit,63.7506,-68.5145,280.0,87,75,3.6,CA,1689961284
659,Tehran,35.6944,51.4215,309.14,12,40,3.09,IR,1689961195
660,Grytviken,-54.2811,-36.5092,274.46,98,100,5.56,GS,1689961270
661,Stornoway,58.2093,-6.3865,287.09,79,75,1.54,GB,1689961351
662,West Island,-12.1568,96.8225,298.14,78,40,7.2,CC,1689961286
663,Isafjordur,66.0755,-23.124,283.17,81,75,4.12,IS,1689961771
664,Puerto Natales,-51.7236,-72.4875,272.06,96,100,1.9,CL,1689961660
665,Puerto Real,36.5282,-6.1901,302.93,65,0,8.23,ES,1689961352
666,Tiksi,71.6872,128.8694,278.75,75,57,3.87,RU,1689961778
667,Prince Rupert,54.3161,-130.3201,288.98,86,100,4.12,CA,1689961304
668,San Luis De La Loma,17.2706,-100.8939,305.78,60,25,3.94,MX,1689961282
669,Blackmans Bay,-43.0167,147.3167,280.11,88,34,2.9,AU,1689961279
670,Atafu Village,-8.5421,-172.5159,301.72,74,94,4.55,TK,1689961180
671,Port-Aux-Francais,-49.35,70.2167,273.61,61,94,17.75,TF,1689961178
672,Punta Arenas,-53.15,-70.9167,270.99,100,100,2.01,CL,1689961277
673,Invercargill,-46.4,168.35,273.16,99,11,0.89,NZ,1689961557
674,Bethel,41.3712,-73.414,301.2,64,75,6.17,US,1689961271
675,Adamstown,-25.066,-130.1015,294.01,70,41,13.82,PN,1689961772
676,Waitangi,-43.9535,-176.5597,284.16,95,100,4.02,NZ,1689961769
677,Ketchikan,55.3422,-131.6461,289.41,88,100,2.06,US,1689961141
678,Bairnsdale,-37.8333,147.6167,277.62,89,33,2.4,AU,1689961353
679,Bethel,41.3712,-73.414,301.2,64,75,6.17,US,1689961271
680,Bethel,41.3712,-73.414,301.2,64,75,6.17,US,1689961271
681,Tiksi,71.6872,128.8694,278.75,75,57,3.87,RU,1689961778
682,Sao Gabriel Da Cachoeira,-0.1303,-67.0892,304.04,84,20,2.57,BR,1689961353
683,Adamstown,-25.066,-130.1015,294.01,70,41,13.82,PN,1689961772
684,Sariveliler,36.6913,32.6196,295.36,34,0,3.92,TR,1689961354
685,Boundiali,9.5217,-6.4869,300.03,75,99,2.61,CI,1689961354
686,Adamstown,-25.066,-130.1015,294.01,70,41,13.82,PN,1689961772
687,Rouissat,31.9243,5.3502,319.19,7,0,1.54,DZ,1689961354
688,Peniche,39.3558,-9.3811,296.64,79,1,4.97,PT,1689961354
689,Hithadhoo,-0.6,73.0833,301.31,78,90,5.1,MV,1689961317
690,Al Ghayzah,16.2079,52.176,298.78,89,94,4.61,YE,1689961354
691,St. John'S,47.5649,-52.7093,301.57,66,20,7.72,CA,1689961193
692,Bilibino,68.0546,166.4372,291.85,60,77,1.19,RU,1689961778
693,Grytviken,-54.2811,-36.5092,274.46,98,100,5.56,GS,1689961270
694,Aktau,43.65,51.2,304.47,49,2,1.95,KZ,1689961337
695,Ushuaia,-54.8,-68.3,271.96,69,20,7.2,AR,1689961768
696,Luderitz,-26.6481,15.1594,285.08,78,3,2.27,NA,1689961248
697,Burang,30.25,81.1667,285.81,76,89,2.47,CN,1689961355
698,Hamilton,39.1834,-84.5333,300.49,62,20,4.63,US,1689961272
699,La Passe,45.5549,-0.8967,297.28,61,2,6.36,FR,1689961427
700,Grytviken,-54.2811,-36.5092,274.46,98,100,5.56,GS,1689961270
701,Adamstown,-25.066,-130.1015,294.01,70,41,13.82,PN,1689961772
702,Alaghsas,17.0187,8.0168,311.09,34,20,4.63,NE,1689961356
703,Ribeira Grande,38.5167,-28.7,295.37,83,75,2.24,PT,1689961308
704,Port-Aux-Francais,-49.35,70.2167,273.61,61,94,17.75,TF,1689961178
705,Port-Aux-Francais,-49.35,70.2167,273.61,61,94,17.75,TF,1689961178
706,Invercargill,-46.4,168.35,273.16,99,11,0.89,NZ,1689961557
707,Coahuayana De Hidalgo,18.7,-103.6583,307.37,51,58,2.91,MX,1689961270
708,Papatowai,-46.5619,169.4708,278.58,76,6,6.17,NZ,1689961559
709,Taitung City,22.7583,121.1444,300.17,78,90,1.66,TW,1689961357
710,Nova Sintra,14.8667,-24.7167,296.32,82,18,7.33,CV,1689961299
711,Badger,64.8,-147.5333,294.33,78,20,0.0,US,1689961227
712,Polyarnyy,69.1989,33.4478,282.23,82,100,7.7,RU,1689961189
713,Qaqortoq,60.7167,-46.0333,278.29,97,92,3.3,GL,1689961275
714,Kerman,30.2832,57.0788,305.07,17,0,5.14,IR,1689961358
715,Mejit,10.2753,170.8646,301.35,77,97,8.78,MH,1689961289
716,Ilulissat,69.2167,-51.1,279.16,93,75,2.57,GL,1689961279
717,Ribeirao Bonito,-22.0667,-48.1761,300.59,35,0,2.52,BR,1689961358
718,Srivardhan,18.0333,73.0167,299.75,89,100,6.71,IN,1689961358
719,New Norfolk,-42.7826,147.0587,280.77,94,68,1.5,AU,1689961359
720,Prince Rupert,54.3161,-130.3201,288.98,86,100,4.12,CA,1689961304
721,Patterson,37.4716,-121.1297,306.49,14,0,3.4,US,1689961340
722,College,64.8569,-147.8028,294.37,79,0,0.0,US,1689961274
723,La'Ie,21.6477,-157.9253,298.15,88,69,2.24,US,1689961283
724,Aasiaat,68.7098,-52.8699,277.73,92,100,7.28,GL,1689961359
725,Port Mathurin,-19.6833,63.4167,296.72,67,2,8.21,MU,1689961189
726,Yeniseysk,58.4497,92.1703,290.39,82,100,1.82,RU,1689961360
727,Magistral'Nyy,56.1725,107.4458,287.17,82,3,1.08,RU,1689961360
728,Badger,64.8,-147.5333,294.33,78,20,0.0,US,1689961227
729,Obo,5.3998,26.4869,294.71,90,83,1.88,CF,1689961360
730,Labrador City,52.9463,-66.9114,293.1,49,75,7.2,CA,1689961214
731,Adamstown,-25.066,-130.1015,294.01,70,41,13.82,PN,1689961772
732,Enewetak,11.3474,162.3373,301.46,80,58,7.2,MH,1689961233
733,Lago Da Pedra,-4.3333,-45.1667,306.29,30,4,2.57,BR,1689961359
734,Angaur State,6.906,134.13,301.42,80,98,6.89,PW,1689961301
735,Puerto Ayora,-0.7393,-90.3518,303.13,87,79,4.02,EC,1689961323
736,Grytviken,-54.2811,-36.5092,274.46,98,100,5.56,GS,1689961270
737,Adamstown,-25.066,-130.1015,294.01,70,41,13.82,PN,1689961772
738,Blackmans Bay,-43.0167,147.3167,280.11,88,34,2.9,AU,1689961279
739,Harper,4.375,-7.7169,298.78,82,76,6.46,LR,1689961361
740,Chernyshevskiy,63.0128,112.4714,288.06,72,85,0.65,RU,1689961291
741,Acapulco De Juarez,16.8634,-99.8901,306.05,62,75,2.57,MX,1689961232
742,Waitangi,-43.9535,-176.5597,284.16,95,100,4.02,NZ,1689961769
743,Popondetta,-8.7537,148.2534,296.01,97,81,0.25,PG,1689961362
744,Edinburgh Of The Seven Seas,-37.0676,-12.3116,285.19,60,100,7.79,SH,1689961178
745,San Patricio,28.017,-97.5169,309.19,36,7,5.35,US,1689961362
746,Adamstown,-25.066,-130.1015,294.01,70,41,13.82,PN,1689961772
747,Grytviken,-54.2811,-36.5092,274.46,98,100,5.56,GS,1689961270
748,Weno,7.4515,151.8468,299.12,100,100,0.0,FM,1689961362
749,Port-Aux-Francais,-49.35,70.2167,273.61,61,94,17.75,TF,1689961178
750,Nova Vicosa,-17.8919,-39.3719,296.57,65,100,6.66,BR,1689961084
751,Isafjordur,66.0755,-23.124,283.17,81,75,4.12,IS,1689961771
752,Wailua Homesteads,22.0669,-159.378,299.59,89,75,8.23,US,1689961189
753,Mount Vernon,40.9126,-73.8371,302.98,65,75,5.66,US,1689961363
754,Verkhovazh'Ye,60.7472,42.0465,288.07,79,100,4.73,RU,1689961363
755,Aleysk,52.4926,82.7822,293.99,57,49,1.82,RU,1689961363
756,Reyes,-14.3167,-67.3833,303.24,58,20,0.0,BO,1689961363
757,Adamstown,-25.066,-130.1015,294.01,70,41,13.82,PN,1689961772
758,Jamestown,42.097,-79.2353,295.12,73,75,6.17,US,1689961276
759,Bereket,39.2446,55.5154,306.89,16,2,5.19,TM,1689961363
760,Tolanaro,-25.0319,46.9987,292.19,77,75,5.14,MG,1689961364
761,Edinburgh Of The Seven Seas,-37.0676,-12.3116,285.19,60,100,7.79,SH,1689961178
762,Ibia,-19.4783,-46.5389,296.85,52,85,3.13,BR,1689961364
763,Jamestown,42.097,-79.2353,295.12,73,75,6.17,US,1689961276
764,Colares,38.7992,-9.4469,297.29,61,40,6.17,PT,1689961364
765,Aykhal,66.0,111.5,288.37,88,41,4.8,RU,1689961281
766,Waitangi,-43.9535,-176.5597,284.16,95,100,4.02,NZ,1689961769
767,Narrabri,-30.3167,149.7833,275.11,90,0,2.91,AU,1689961364
768,Albany,42.6001,-73.9662,299.39,79,49,2.38,US,1689961084
769,Blackmans Bay,-43.0167,147.3167,280.11,88,34,2.9,AU,1689961279
770,Salym,60.0625,71.4789,289.62,93,80,2.15,RU,1689961365
771,Flekkefjord,58.2971,6.6607,287.56,74,68,4.31,NO,1689961365
772,Albany,42.6001,-73.9662,299.39,79,49,2.38,US,1689961084
773,Enewetak,11.3474,162.3373,301.46,80,58,7.2,MH,1689961233
774,Hithadhoo,-0.6,73.0833,301.31,78,90,5.1,MV,1689961317
775,Corabia,43.7833,24.5,308.47,32,0,2.65,RO,1689961365
776,College,64.8569,-147.8028,294.37,79,0,0.0,US,1689961274
777,Ribeira Grande,38.5167,-28.7,295.37,83,75,2.24,PT,1689961308
778,Megion,61.0296,76.1136,294.16,88,88,2.75,RU,1689961366
779,Bethel,41.3712,-73.414,301.2,64,75,6.17,US,1689961271
780,Port-Aux-Francais,-49.35,70.2167,273.61,61,94,17.75,TF,1689961178
781,Stanley,54.868,-1.6985,287.48,86,40,1.03,GB,1689961277
782,Lihue,21.9789,-159.3672,299.92,81,75,8.23,US,1689961229
783,Paros,37.0833,25.15,307.09,39,0,2.57,GR,1689961366
784,Bethel,41.3712,-73.414,301.2,64,75,6.17,US,1689961271
785,Lihue,21.9789,-159.3672,299.92,81,75,8.23,US,1689961229
786,Fruitland,38.3221,-75.6202,302.18,70,100,5.66,US,1689961152
787,Zilair,52.2332,57.4392,289.96,61,55,0.79,RU,1689961366
788,Kidal,18.4411,1.4078,308.63,26,89,2.08,ML,1689961367
789,Yellowknife,62.456,-114.3525,297.44,46,100,3.6,CA,1689961273
790,Port-Aux-Francais,-49.35,70.2167,273.61,61,94,17.75,TF,1689961178
791,Avarua,-21.2078,-159.775,295.18,68,40,9.26,CK,1689961300
792,Tamandare,-8.7597,-35.1047,299.26,59,5,5.24,BR,1689961367
793,Bethel,41.3712,-73.414,301.2,64,75,6.17,US,1689961271
794,Puerto Natales,-51.7236,-72.4875,272.06,96,100,1.9,CL,1689961660
795,Thompson,55.7435,-97.8558,295.24,60,75,5.66,CA,1689961481
796,Khandyga,62.6667,135.6,285.88,97,100,0.76,RU,1689961367
797,Nuku'Alofa,-21.1333,-175.2,295.34,94,40,4.12,TO,1689961368
798,Sodo,6.8642,37.7628,287.13,90,99,0.27,ET,1689961368
799,Coquimbo,-29.9533,-71.3436,289.0,72,0,1.03,CL,1689961278
800,Port-Aux-Francais,-49.35,70.2167,273.61,61,94,17.75,TF,1689961178
801,Prince Rupert,54.3161,-130.3201,288.98,86,100,4.12,CA,1689961304
802,Blackmans Bay,-43.0167,147.3167,280.11,88,34,2.9,AU,1689961279
803,Iqaluit,63.7506,-68.5145,280.0,87,75,3.6,CA,1689961284
804,Puerto Natales,-51.7236,-72.4875,272.06,96,100,1.9,CL,1689961660
805,Fidenza,44.864,10.0667,303.95,37,40,4.12,IT,1689961368
806,Albany,42.6001,-73.9662,299.39,79,49,2.38,US,1689961084
807,Blackmans Bay,-43.0167,147.3167,280.11,88,34,2.9,AU,1689961279
808,Axim,4.8699,-2.2405,298.56,84,41,4.42,GH,1689961369
809,Waingapu,-9.6567,120.2641,296.26,81,25,5.2,ID,1689961369
810,Itoman,26.1247,127.6694,302.16,79,76,3.09,JP,1689961286
811,Port Alfred,-33.5906,26.891,289.82,62,51,6.86,ZA,1689961558
812,Diveyevo,55.0433,43.2418,286.23,98,93,2.71,RU,1689961369
813,Salalah,17.0151,54.0924,299.2,100,100,3.09,OM,1689961369
814,Bethel,41.3712,-73.414,301.2,64,75,6.17,US,1689961271
815,Longyearbyen,78.2186,15.6401,281.06,81,75,6.69,SJ,1689961272
816,Whitehorse,60.7161,-135.0538,294.32,59,75,1.03,CA,1689961280
817,Spalding,33.2668,-84.2833,305.57,61,40,3.6,US,1689961370
818,Adamstown,-25.066,-130.1015,294.01,70,41,13.82,PN,1689961772
819,Ushuaia,-54.8,-68.3,271.96,69,20,7.2,AR,1689961768
820,Albany,42.6001,-73.9662,299.39,79,49,2.38,US,1689961084
821,Talnakh,69.4865,88.3972,293.82,66,98,3.74,RU,1689961326
822,Bilibino,68.0546,166.4372,291.85,60,77,1.19,RU,1689961778
823,Antofagasta,-23.65,-70.4,292.75,68,21,2.01,CL,1689961370
824,Waitangi,-43.9535,-176.5597,284.16,95,100,4.02,NZ,1689961769
825,Hawaiian Paradise Park,19.5933,-154.9731,295.95,92,75,3.6,US,1689961333
826,Grytviken,-54.2811,-36.5092,274.46,98,100,5.56,GS,1689961270
827,Kapuskasing,49.4169,-82.4331,292.2,52,40,3.6,CA,1689961371
828,Port Douglas,-16.4833,145.4667,293.94,80,59,1.55,AU,1689961371
829,Isafjordur,66.0755,-23.124,283.17,81,75,4.12,IS,1689961771
830,Mumbwa,-14.9783,27.0619,293.16,43,7,3.81,ZM,1689961371
831,Whitehorse,60.7161,-135.0538,294.32,59,75,1.03,CA,1689961280
832,Angaur State,6.906,134.13,301.42,80,98,6.89,PW,1689961301
833,Adamstown,-25.066,-130.1015,294.01,70,41,13.82,PN,1689961772
834,Hithadhoo,-0.6,73.0833,301.31,78,90,5.1,MV,1689961317
835,Waitangi,-43.9535,-176.5597,284.16,95,100,4.02,NZ,1689961769
836,Karabash,55.4808,60.2157,289.73,73,28,2.78,RU,1689961372
837,Kruisfontein,-34.0033,24.7314,287.49,59,1,4.05,ZA,1689961303
838,Bela,25.9333,81.9833,308.09,48,72,7.09,IN,1689961372
839,Carnarvon,-24.8667,113.6333,288.61,34,75,9.64,AU,1689961372
840,Edinburgh Of The Seven Seas,-37.0676,-12.3116,285.19,60,100,7.79,SH,1689961178
841,Labrador City,52.9463,-66.9114,293.1,49,75,7.2,CA,1689961214
842,Port Elizabeth,-33.918,25.5701,288.31,72,0,4.63,ZA,1689961203
843,Hamilton,39.1834,-84.5333,300.49,62,20,4.63,US,1689961272
844,Thompson,55.7435,-97.8558,295.24,60,75,5.66,CA,1689961481
845,Motygino,58.1831,94.7592,289.15,64,18,1.3,RU,1689961373
846,Puerto Natales,-51.7236,-72.4875,272.06,96,100,1.9,CL,1689961660
847,Albany,42.6001,-73.9662,299.39,79,49,2.38,US,1689961084
848,Malango,-2.9627,119.9001,291.47,98,30,0.58,ID,1689961373
849,Angra Do Heroismo,38.65,-27.2167,294.49,94,75,1.3,PT,1689961373
850,Lucapa,-8.4192,20.7447,299.22,22,3,0.48,AO,1689961374
851,Adamstown,-25.066,-130.1015,294.01,70,41,13.82,PN,1689961772
852,Grytviken,-54.2811,-36.5092,274.46,98,100,5.56,GS,1689961270
853,Waitangi,-43.9535,-176.5597,284.16,95,100,4.02,NZ,1689961769
854,Mejit,10.2753,170.8646,301.35,77,97,8.78,MH,1689961289
855,Port-Aux-Francais,-49.35,70.2167,273.61,61,94,17.75,TF,1689961178
856,Puerto Natales,-51.7236,-72.4875,272.06,96,100,1.9,CL,1689961660
857,Asha,54.9973,57.2722,289.92,71,69,1.79,RU,1689961374
858,Hithadhoo,-0.6,73.0833,301.31,78,90,5.1,MV,1689961317
859,Sol'-Iletsk,51.1631,54.9918,294.58,45,94,2.26,RU,1689961375
860,Papatowai,-46.5619,169.4708,278.58,76,6,6.17,NZ,1689961559
861,Sao Vicente,-23.9631,-46.3919,301.25,47,20,3.09,BR,1689961375
862,Kolosovka,56.4678,73.611,289.2,93,51,2.81,RU,1689961375
863,Kukawa,12.9234,13.5606,303.95,49,33,3.87,NG,1689961375
864,Belmonte,-15.8631,-38.8828,296.23,83,95,7.59,BR,1689961375
865,Kailua-Kona,19.6406,-155.9956,301.26,90,100,1.79,US,1689961375
866,Arno,60.1167,18.6333,289.63,71,91,1.87,SE,1689961376
867,Puerto Baquerizo Moreno,-0.9,-89.6,301.7,70,40,4.12,EC,1689961345
868,Wailua Homesteads,22.0669,-159.378,299.59,89,75,8.23,US,1689961189
869,Achinsk,56.2694,90.4993,288.95,93,67,3.05,RU,1689961376
870,Avarua,-21.2078,-159.775,295.18,68,40,9.26,CK,1689961300
871,Khandyga,62.6667,135.6,285.88,97,100,0.76,RU,1689961367
872,Iqaluit,63.7506,-68.5145,280.0,87,75,3.6,CA,1689961284
873,Iqaluit,63.7506,-68.5145,280.0,87,75,3.6,CA,1689961284
874,Vila Velha,-20.3297,-40.2925,296.12,71,75,4.63,BR,1689961296
875,Ust-Nera,64.5667,143.2,289.05,86,90,1.54,RU,1689961199
876,Puerto Natales,-51.7236,-72.4875,272.06,96,100,1.9,CL,1689961660
877,Skeldon,5.8833,-57.1333,301.55,72,36,3.5,GY,1689961377
878,Badger,64.8,-147.5333,294.33,78,20,0.0,US,1689961227
879,Kodiak,57.79,-152.4072,284.88,82,0,0.0,US,1689961322
880,Sorong,-0.8833,131.25,298.99,86,87,5.85,ID,1689961377
881,Uturoa,-16.7333,-151.4333,297.71,64,64,7.18,PF,1689961873
882,Saudarkrokur,65.7461,-19.6394,286.62,70,89,1.18,IS,1689961377
883,Bredasdorp,-34.5322,20.0403,281.48,65,45,1.3,ZA,1689961315
884,Kununurra,-15.7667,128.7333,289.14,82,6,0.0,AU,1689961288
885,Adamstown,-25.066,-130.1015,294.01,70,41,13.82,PN,1689961772
886,Atafu Village,-8.5421,-172.5159,301.72,74,94,4.55,TK,1689961180
887,Yulinshi,38.2906,109.7494,294.79,60,7,3.52,CN,1689961378
888,Myski,53.709,87.8014,289.88,85,45,1.78,RU,1689961378
889,Albany,42.6001,-73.9662,299.39,79,49,2.38,US,1689961084
890,Chokwe,-24.5333,32.9833,290.07,80,98,2.18,MZ,1689961379
891,Yellowknife,62.456,-114.3525,297.44,46,100,3.6,CA,1689961850
892,Utrik,11.2278,169.8474,301.49,76,91,9.54,MH,1689961282
893,Ambodifotatra,-16.9833,49.85,295.41,84,84,4.81,MG,1689961279
894,Longyearbyen,78.2186,15.6401,281.06,81,75,6.69,SJ,1689961875
895,Waitangi,-43.9535,-176.5597,284.16,95,100,4.02,NZ,1689961769
896,Samarate,45.6254,8.7834,301.99,61,75,2.06,IT,1689961380
897,Petrozavodsk,61.7849,34.3469,285.85,100,100,5.0,RU,1689961381
898,Fortuna,40.5982,-124.1573,289.07,91,100,2.57,US,1689961381
899,Kodiak,57.79,-152.4072,284.88,82,0,0.0,US,1689961322
900,San Andres,12.5847,-81.7006,305.16,74,20,5.66,CO,1689961346
901,Papatowai,-46.5619,169.4708,278.58,76,6,6.17,NZ,1689961559
902,Carnarvon,-24.8667,113.6333,288.61,34,75,9.64,AU,1689961372
903,Eirunepe,-6.6603,-69.8736,307.98,30,1,1.85,BR,1689961130
904,Thunder Bay,48.4001,-89.3168,298.14,47,20,3.09,CA,1689961094
905,Ust-Nera,64.5667,143.2,289.05,86,90,1.54,RU,1689961199
906,Puerto Natales,-51.7236,-72.4875,272.06,96,100,1.9,CL,1689961660
907,Vorgashor,67.5833,63.95,291.02,83,50,2.09,RU,1689961820
908,Nemuro,43.3236,145.575,287.46,98,27,5.26,JP,1689961304
909,Ushuaia,-54.8,-68.3,271.96,69,20,7.2,AR,1689961768
910,Waitangi,-43.9535,-176.5597,284.16,95,100,4.02,NZ,1689961769
911,Alegrete,-29.7831,-55.7919,299.51,65,33,7.15,BR,1689961382
912,Port-Aux-Francais,-49.35,70.2167,273.71,62,80,17.87,TF,1689961877
913,Bilibino,68.0546,166.4372,291.85,60,77,1.19,RU,1689961778
914,Kodinar,20.7903,70.7031,300.7,85,92,7.2,IN,1689961383
915,Fisterra,42.9049,-9.2629,297.45,83,0,7.93,ES,1689961323
916,Edinburgh Of The Seven Seas,-37.0676,-12.3116,285.29,60,87,8.64,SH,1689961877
917,Iqaluit,63.7506,-68.5145,280.0,87,75,3.6,CA,1689961284
918,Forestdale,33.5701,-86.8964,307.19,69,75,3.6,US,1689961383
919,Jamestown,42.097,-79.2353,294.95,68,75,7.2,US,1689961834
920,Adamstown,-25.066,-130.1015,294.01,70,41,13.82,PN,1689961772
921,Tiksi,71.6872,128.8694,278.75,75,57,3.87,RU,1689961778
922,Tura,25.5198,90.2201,297.72,96,99,2.2,IN,1689961837
923,Edinburgh Of The Seven Seas,-37.0676,-12.3116,285.29,60,87,8.64,SH,1689961877
924,Las Khorey,11.1595,48.1967,307.75,43,93,3.51,SO,1689961384
925,Port-Aux-Francais,-49.35,70.2167,273.71,62,80,17.87,TF,1689961877
926,Dudinka,69.4058,86.1778,294.05,66,100,4.3,RU,1689961284
927,Kodiak,57.79,-152.4072,284.88,82,0,0.0,US,1689961322
928,Grytviken,-54.2811,-36.5092,274.7,98,100,5.62,GS,1689961879
929,Ust-Nera,64.5667,143.2,289.05,86,90,1.54,RU,1689961199
930,Adamstown,-25.066,-130.1015,294.01,70,41,13.82,PN,1689961772
931,Port-Aux-Francais,-49.35,70.2167,273.71,62,80,17.87,TF,1689961877
932,College,64.8569,-147.8028,293.41,79,0,0.0,US,1689961750
933,Mana,5.6592,-53.7767,301.45,77,17,4.21,GF,1689961385
934,Lazaro Cardenas,17.9583,-102.2,304.12,66,25,2.12,MX,1689961350
935,Weno,7.4515,151.8468,299.12,100,100,0.0,FM,1689961362
936,Boksitogorsk,59.474,33.8485,290.71,68,100,3.72,RU,1689961385
937,Louis Trichardt,-23.0439,29.9032,283.43,96,100,2.29,ZA,1689961386
938,Waitangi,-43.9535,-176.5597,284.16,95,100,4.02,NZ,1689961769
939,Ushuaia,-54.8,-68.3,271.96,69,20,7.2,AR,1689961768
940,Illizi,26.4833,8.4667,313.04,9,0,6.06,DZ,1689961234
941,Durango,24.8333,-104.8333,301.96,24,80,3.53,MX,1689961386
942,Puerto Natales,-51.7236,-72.4875,272.06,96,100,1.9,CL,1689961660
943,Bazarnyy Karabulak,52.2683,46.4144,288.45,97,82,3.96,RU,1689961386
944,Muroto-Misakicho,33.2833,134.15,298.71,87,5,2.89,JP,1689961386
945,Homer,59.6425,-151.5483,288.73,78,0,4.12,US,1689961387
946,Thompson,55.7435,-97.8558,295.24,60,75,5.66,CA,1689961481
947,Puerto Natales,-51.7236,-72.4875,272.06,96,100,1.9,CL,1689961660
948,Nar'Yan-Mar,67.6713,53.087,284.54,89,82,7.0,RU,1689961328
949,St. John'S,47.5649,-52.7093,301.57,66,20,7.72,CA,1689961626
950,Saipan,15.1355,145.701,300.54,100,20,2.57,MP,1689961881
951,Gwarzo,11.9152,7.9346,300.59,54,100,1.74,NG,1689961387
952,Itacarambi,-15.1022,-44.0919,298.9,49,100,4.65,BR,1689961387
953,Warrnambool,-38.3833,142.4833,283.09,78,91,5.3,AU,1689961388
954,Kodiak,57.79,-152.4072,284.88,82,0,0.0,US,1689961322
955,Adamstown,-25.066,-130.1015,294.01,70,41,13.82,PN,1689961772
956,Hawaiian Paradise Park,19.5933,-154.9731,295.95,92,75,3.6,US,1689961333
957,Hithadhoo,-0.6,73.0833,301.31,78,90,5.1,MV,1689961317
958,Curillo,1.0333,-75.9191,297.1,95,91,1.32,CO,1689961388
959,Blackmans Bay,-43.0167,147.3167,280.11,88,27,2.93,AU,1689961873
960,Nabire,-3.3667,135.4833,296.93,93,43,1.82,ID,1689961313
961,Jamestown,42.097,-79.2353,294.95,68,75,7.2,US,1689961834
962,Grytviken,-54.2811,-36.5092,274.7,98,100,5.62,GS,1689961879
963,Adamstown,-25.066,-130.1015,294.01,70,41,13.82,PN,1689961772
964,Olonkinbyen,70.9221,-8.7187,278.44,79,100,2.27,SJ,1689961769
965,Plettenberg Bay,-34.0527,23.3716,286.42,72,0,3.58,ZA,1689961389
966,Polyarnyy,69.1989,33.4478,282.23,82,100,7.7,RU,1689961189
967,Port-Aux-Francais,-49.35,70.2167,273.71,62,80,17.87,TF,1689961877
968,Vanino,49.0869,140.2543,292.97,79,97,0.53,RU,1689961389
969,Igarka,67.4667,86.5833,290.75,74,96,4.01,RU,1689961390
970,Bredasdorp,-34.5322,20.0403,281.48,65,45,1.3,ZA,1689961315
971,Namibe,-15.1961,12.1522,291.03,87,63,3.04,AO,1689961390
972,Tromso,69.6496,18.957,288.36,77,75,4.63,NO,1689961390
973,Tual,-5.6667,132.75,299.54,77,40,9.29,ID,1689961356
974,Ilulissat,69.2167,-51.1,279.16,93,75,2.57,GL,1689961885
975,Ribeira Grande,38.5167,-28.7,295.37,83,75,2.24,PT,1689961308
976,Boende,-0.2167,20.8667,300.28,59,99,1.16,CD,1689961391
977,Puerto Ayora,-0.7393,-90.3518,303.13,87,79,4.02,EC,1689961323
978,Quepos,9.4236,-84.1652,303.71,71,96,2.7,CR,1689961391
979,Margaret River,-33.95,115.0667,286.67,66,2,2.05,AU,1689961770
980,San Andres,12.5847,-81.7006,305.16,74,20,5.66,CO,1689961346
981,Holualoa,19.6228,-155.9522,299.19,89,100,1.79,US,1689961291
982,Sao Joao Da Barra,-21.6403,-41.0511,296.2,63,70,4.77,BR,1689961886
983,Bredasdorp,-34.5322,20.0403,281.48,65,45,1.3,ZA,1689961315
984,Hermanus,-34.4187,19.2345,279.15,71,32,1.59,ZA,1689961325
985,Kingston,17.997,-76.7936,309.4,62,20,11.83,JM,1689961187
986,West Island,-12.1568,96.8225,298.14,78,40,6.17,CC,1689961887
987,Olonkinbyen,70.9221,-8.7187,278.44,79,100,2.27,SJ,1689961769
988,Caleta De Carquin,-11.0925,-77.6267,294.5,74,66,5.14,PE,1689961392
989,Kasongo-Lunda,-6.4667,16.8167,300.68,37,55,0.89,CD,1689961392
990,Tidjikja,18.5564,-11.4271,311.89,19,21,6.19,MR,1689961392
991,Iqaluit,63.7506,-68.5145,280.0,87,75,3.6,CA,1689961887
992,Yellowknife,62.456,-114.3525,297.44,46,100,3.6,CA,1689961850
993,Zeya,53.75,127.2667,285.19,85,0,1.42,RU,1689961393
994,Whitehorse,60.7161,-135.0538,294.87,59,75,1.03,CA,1689961881
995,Port Elizabeth,-33.918,25.5701,291.54,72,0,4.63,ZA,1689961888
996,Port-Aux-Francais,-49.35,70.2167,273.71,62,80,17.87,TF,1689961877
997,West Island,-12.1568,96.8225,298.14,78,40,6.17,CC,1689961887
998,Tobol'Sk,58.2,68.2667,288.75,78,71,2.99,RU,1689961394
999,Udachny,66.4167,112.4,289.51,82,52,3.72,RU,1689961889
1000,Carbonear,47.7332,-53.2148,301.82,68,17,4.66,CA,1689961394
1001,Adamstown,-25.066,-130.1015,294.01,70,41,13.82,PN,1689961772
1002,Adamstown,-25.066,-130.1015,294.01,70,41,13.82,PN,1689961772
1003,Udachny,66.4167,112.4,289.51,82,52,3.72,RU,1689961889
1004,Wiwili,13.6268,-85.8254,303.76,66,58,4.64,NI,1689961394
1005,Puerto Natales,-51.7236,-72.4875,272.06,96,100,1.9,CL,1689961660
1006,Patacamaya,-17.2333,-67.9167,288.86,12,0,3.68,BO,1689961395
1007,Grytviken,-54.2811,-36.5092,274.7,98,100,5.62,GS,1689961879
1008,Puerto Natales,-51.7236,-72.4875,272.06,96,100,1.9,CL,1689961660
1009,Coquimbo,-29.9533,-71.3436,289.0,72,0,1.03,CL,1689961633
1010,Ribeira Grande,38.5167,-28.7,295.37,83,75,2.24,PT,1689961308
1011,Whitehorse,60.7161,-135.0538,294.87,59,75,1.03,CA,1689961881
1012,Ar Ruways,24.1103,52.7306,305.87,73,78,4.0,AE,1689961395
1013,Port-Aux-Francais,-49.35,70.2167,273.71,62,80,17.87,TF,1689961877
1014,Waitangi,-43.9535,-176.5597,284.16,95,100,4.02,NZ,1689961769
1015,Wailua Homesteads,22.0669,-159.378,299.59,87,75,8.23,US,1689961891
1016,Yellowknife,62.456,-114.3525,297.44,46,100,3.6,CA,1689961850
1017,Mata-Utu,-13.2816,-176.1745,300.81,79,65,3.28,WF,1689961271
1018,Adamstown,-25.066,-130.1015,294.01,70,41,13.82,PN,1689961772
1019,Hithadhoo,-0.6,73.0833,301.31,78,90,5.1,MV,1689961317
1020,Oppdal,62.5943,9.6912,282.56,92,99,1.64,NO,1689961396
1021,Port-Aux-Francais,-49.35,70.2167,273.71,62,80,17.87,TF,1689961877
1022,Adamstown,-25.066,-130.1015,294.01,70,41,13.82,PN,1689961772
1023,Port-Aux-Francais,-49.35,70.2167,273.71,62,80,17.87,TF,1689961877
1024,Hawaiian Paradise Park,19.5933,-154.9731,295.95,92,75,3.6,US,1689961333
1025,Grytviken,-54.2811,-36.5092,274.7,98,100,5.62,GS,1689961879
1026,Puerto Natales,-51.7236,-72.4875,272.06,96,100,1.9,CL,1689961660
1027,Gadzhiyevo,69.2551,33.3362,282.12,82,100,7.82,RU,1689961397
1028,Ushuaia,-54.8,-68.3,271.96,69,20,7.2,AR,1689961768
1029,Goroka,-6.0834,145.3873,288.69,97,70,0.74,PG,1689961892
1030,Punta Arenas,-53.15,-70.9167,270.99,100,100,2.03,CL,1689961892
1031,Codrington,-38.2667,141.9667,282.23,86,91,5.16,AU,1689961892
1032,Pathein,16.7833,94.7333,299.24,91,98,1.94,MM,1689961397
1033,Itaituba,-4.2761,-55.9836,307.24,52,20,3.6,BR,1689961398
1034,Port-Aux-Francais,-49.35,70.2167,273.71,62,80,17.87,TF,1689961877
1035,Hawaiian Paradise Park,19.5933,-154.9731,295.95,92,75,3.6,US,1689961333
1036,Albany,42.6001,-73.9662,299.62,78,52,0.45,US,1689961893
1037,Talnakh,69.4865,88.3972,293.82,66,98,3.74,RU,1689961326
1038,Bethel,41.3712,-73.414,301.75,63,75,6.17,US,1689961681
1039,Chui,-33.6971,-53.4616,294.55,74,38,4.99,UY,1689961398
1040,Margaret River,-33.95,115.0667,286.67,66,2,2.05,AU,1689961770
1041,Tazovsky,67.4667,78.7,291.31,65,95,3.21,RU,1689961296
1042,Pangody,65.85,74.4859,292.57,73,98,2.42,RU,1689961399
1043,Waitangi,-43.9535,-176.5597,284.16,95,100,4.02,NZ,1689961769
1044,Iqaluit,63.7506,-68.5145,280.0,87,75,3.6,CA,1689961887
1045,Grytviken,-54.2811,-36.5092,274.7,98,100,5.62,GS,1689961879
1046,Waitangi,-43.9535,-176.5597,284.16,95,100,4.02,NZ,1689961769
1047,Scottsbluff,41.8666,-103.6672,299.14,65,0,1.54,US,1689961400
1048,Tengrela,10.4869,-6.4097,301.67,65,74,3.42,CI,1689961400
1049,Port-Aux-Francais,-49.35,70.2167,273.71,62,80,17.87,TF,1689961877
1050,Port Saint John'S,-31.6229,29.5448,289.25,72,94,7.87,ZA,1689961400
1051,Blackmans Bay,-43.0167,147.3167,280.11,88,27,2.93,AU,1689961873
1052,Saipan,15.1355,145.701,300.54,100,20,2.57,MP,1689961881
1053,Albany,42.6001,-73.9662,299.62,78,52,0.45,US,1689961893
1054,Papatowai,-46.5619,169.4708,278.58,76,6,6.17,NZ,1689961559
1055,Al Kharijah,25.4514,30.5464,308.82,13,32,4.97,EG,1689961401
1056,Cuenca,-2.8833,-78.9833,290.22,67,100,3.09,EC,1689961317
1057,Adamstown,-25.066,-130.1015,294.01,70,41,13.82,PN,1689961772
1058,Hotan,37.0997,79.9269,306.21,12,75,3.17,CN,1689961401
1059,Blackmans Bay,-43.0167,147.3167,280.11,88,27,2.93,AU,1689961873
1060,San Luis De La Loma,17.2706,-100.8939,305.7,61,41,3.92,MX,1689961627
1061,Waitangi,-43.9535,-176.5597,284.16,95,100,4.02,NZ,1689961769
1062,Yelanskiy,56.8419,62.5014,289.38,67,78,3.77,RU,1689961402
1063,Fisterra,42.9049,-9.2629,297.45,83,0,7.93,ES,1689961323
1064,Adamstown,-25.066,-130.1015,294.01,70,41,13.82,PN,1689961772
1065,Port Macquarie,-31.4333,152.9167,279.76,77,28,5.49,AU,1689961402
1066,Petropavlovsk-Kamchatsky,53.0452,158.6483,283.48,100,20,2.0,RU,1689961896
1067,Nar'Yan-Mar,67.6713,53.087,284.54,89,82,7.0,RU,1689961328
1068,Albany,42.6001,-73.9662,299.62,78,52,0.45,US,1689961893
1069,Punta Arenas,-53.15,-70.9167,270.99,100,100,2.03,CL,1689961892
1070,Wad Medani,14.4012,33.5199,309.16,33,84,4.35,SD,1689961403
1071,Qaqortoq,60.7167,-46.0333,281.19,88,83,3.16,GL,1689961897
1072,Yellowknife,62.456,-114.3525,297.44,46,100,3.6,CA,1689961850
1073,Whitehorse,60.7161,-135.0538,294.87,59,75,1.03,CA,1689961881
1074,Yellowknife,62.456,-114.3525,297.44,46,100,3.6,CA,1689961850
1075,Angaur State,6.906,134.13,301.42,80,98,6.89,PW,1689961301
1076,Yershov,51.3513,48.2766,289.56,90,100,2.85,RU,1689961404
1077,Chonchi,-42.6128,-73.8092,282.1,97,100,3.54,CL,1689961297
1078,Lebu,-37.6167,-73.65,285.17,85,100,6.49,CL,1689961342
1079,Kuching,1.55,110.3333,298.27,88,20,1.03,MY,1689961404
1080,Invercargill,-46.4,168.35,273.16,99,11,0.89,NZ,1689961557
1081,Grytviken,-54.2811,-36.5092,274.7,98,100,5.62,GS,1689961879
1082,Waitangi,-43.9535,-176.5597,284.16,95,100,4.02,NZ,1689961769
1083,Newman,37.3138,-121.0208,306.51,13,0,2.89,US,1689961405
1084,Gwanda,-20.9333,29.0,284.93,90,100,5.71,ZW,1689961405
1085,Lebu,-37.6167,-73.65,285.17,85,100,6.49,CL,1689961342
1086,Adamstown,-25.066,-130.1015,294.01,70,41,13.82,PN,1689961772
1087,Anadyr,64.75,177.4833,286.43,93,40,1.0,RU,1689961898
1088,Ust'-Ilimsk,58.0006,102.6619,289.66,65,0,1.31,RU,1689961406
1089,Altay,47.8667,88.1167,295.48,36,70,2.79,CN,1689961406
1090,Flin Flon,54.7682,-101.865,295.06,64,75,2.06,CA,1689961406
1091,Huanren,41.2647,125.3667,294.54,98,81,1.25,CN,1689961406
1092,Graulhet,43.7669,1.9894,298.9,49,29,5.27,FR,1689961406
1093,West Island,-12.1568,96.8225,298.14,78,40,6.17,CC,1689961887
1094,Vila Velha,-20.3297,-40.2925,296.12,73,75,4.63,BR,1689961899
1095,Najaf,31.9985,44.3398,314.03,10,0,3.6,IQ,1689961407
1096,Edinburgh Of The Seven Seas,-37.0676,-12.3116,285.29,60,87,8.64,SH,1689961877
1097,Sao Joao Da Barra,-21.6403,-41.0511,296.2,63,70,4.77,BR,1689961886
1098,Port-Aux-Francais,-49.35,70.2167,273.71,62,80,17.87,TF,1689961877
1099,Kodiak,57.79,-152.4072,284.88,82,0,0.0,US,1689961322
1100,New Norfolk,-42.7826,147.0587,280.77,94,68,1.5,AU,1689961359
1101,Grytviken,-54.2811,-36.5092,274.7,98,100,5.62,GS,1689961879
1102,Port-Aux-Francais,-49.35,70.2167,273.71,62,80,17.87,TF,1689961877
1103,Bredasdorp,-34.5322,20.0403,281.48,65,45,1.3,ZA,1689961315
1104,Kaoma,-14.7833,24.8,294.0,37,78,2.94,ZM,1689961408
1105,Lincheng,19.9078,109.6858,300.11,87,78,4.8,CN,1689961403
1106,Wailua Homesteads,22.0669,-159.378,299.59,87,75,8.23,US,1689961891
1107,Prudnik,50.3212,17.5746,293.03,90,91,2.01,PL,1689961408
1108,St. John'S,47.5649,-52.7093,301.57,66,20,7.72,CA,1689961626
1109,Adamstown,-25.066,-130.1015,294.01,70,41,13.82,PN,1689961772
1110,Grytviken,-54.2811,-36.5092,274.7,98,100,5.62,GS,1689961879
1111,Adamstown,-25.066,-130.1015,294.01,70,41,13.82,PN,1689961772
1112,Jamestown,42.097,-79.2353,294.95,68,75,7.2,US,1689961834
1113,Georgetown,5.4112,100.3354,301.12,89,20,1.54,MY,1689961810
1114,Olonkinbyen,70.9221,-8.7187,278.44,79,100,2.27,SJ,1689961769
1115,Port Mathurin,-19.6833,63.4167,296.72,67,2,8.21,MU,1689961189
1116,Waitangi,-43.9535,-176.5597,284.16,95,100,4.02,NZ,1689961769
1117,Quelimane,-17.8786,36.8883,295.12,83,40,1.54,MZ,1689961409
1118,Kalmunai,7.4167,81.8167,301.92,55,99,4.03,LK,1689961409
1119,Ivdel',60.6911,60.4206,287.13,85,71,2.32,RU,1689961409
1120,Waitangi,-43.9535,-176.5597,284.16,95,100,4.02,NZ,1689961769
1121,Kismayo,-0.3582,42.5454,298.31,85,29,8.11,SO,1689961410
1122,Murrells Inlet,33.551,-79.0414,307.63,59,0,4.63,US,1689961410
1123,Grytviken,-54.2811,-36.5092,274.7,98,100,5.62,GS,1689961879
1124,Mabaruma,8.2,-59.7833,303.49,63,28,2.96,GY,1689961410
1125,Moyamba,8.1667,-12.4333,297.56,95,100,2.41,SL,1689961410
1126,Stanley,54.868,-1.6985,287.48,86,40,1.03,GB,1689961902
1127,Tweed Heads,-28.1817,153.547,284.82,93,7,0.0,AU,1689961411
1128,Axim,4.8699,-2.2405,298.56,84,41,4.42,GH,1689961369
1129,Invercargill,-46.4,168.35,273.16,99,11,0.89,NZ,1689961557
1130,Avarua,-21.2078,-159.775,295.18,68,20,7.72,CK,1689961902
1131,Gornopravdinsk,60.05,69.9,288.66,92,72,2.55,RU,1689961411
1132,Queenstown,-31.8976,26.8753,283.07,71,85,2.41,ZA,1689961320
1133,Silver City,32.7701,-108.2803,307.97,19,0,2.24,US,1689961411
1134,Castro,-24.7911,-50.0119,294.73,59,23,2.12,BR,1689961412
1135,Bethel,41.3712,-73.414,301.75,63,75,6.17,US,1689961681
1136,Ambon,-3.6954,128.1814,300.3,95,40,2.06,ID,1689961412
1137,Talnakh,69.4865,88.3972,293.82,66,98,3.74,RU,1689961326
1138,Punta Arenas,-53.15,-70.9167,270.99,100,100,2.03,CL,1689961892
1139,Bethel,41.3712,-73.414,301.75,63,75,6.17,US,1689961681
1140,Umm Kaddadah,13.6017,26.6876,309.47,26,29,4.72,SD,1689961412
1141,Iqaluit,63.7506,-68.5145,280.0,87,75,3.6,CA,1689961887
1142,Holly Springs,35.6513,-78.8336,307.07,57,3,2.24,US,1689961306
1143,Alvesta,56.8993,14.5556,290.3,57,40,5.66,SE,1689961413
1144,Hurstpierpoint,50.9339,-0.1801,292.85,75,20,7.2,GB,1689961413
1145,Port-Aux-Francais,-49.35,70.2167,273.71,62,80,17.87,TF,1689961877
1146,Saipan,15.1355,145.701,300.54,100,20,2.57,MP,1689961881
1147,Puerto Natales,-51.7236,-72.4875,272.06,96,100,1.9,CL,1689961660
1148,Lihue,21.9789,-159.3672,299.92,81,75,8.23,US,1689961904
1149,Jayapura,-2.5333,140.7,297.81,93,81,2.06,ID,1689961306
1150,Benson,51.6207,-1.1098,293.36,58,75,5.14,GB,1689961413
1151,Papatowai,-46.5619,169.4708,278.58,76,6,6.17,NZ,1689961559
1152,Port-Aux-Francais,-49.35,70.2167,273.71,62,80,17.87,TF,1689961877
1153,Bilibino,68.0546,166.4372,291.85,60,77,1.19,RU,1689961778
1154,Padang,-0.9492,100.3543,297.18,88,62,1.6,ID,1689961414
1155,Semera,11.501,41.201,303.67,33,85,6.83,ET,1689961414
1156,Onega,63.9061,38.1404,287.94,99,94,0.93,RU,1689961414
1157,Waitangi,-43.9535,-176.5597,284.16,95,100,4.02,NZ,1689961769
1158,Alamos,27.0167,-108.9333,306.12,45,100,3.16,MX,1689961119
1159,Papatowai,-46.5619,169.4708,278.58,76,6,6.17,NZ,1689961559
1160,Thompson,55.7435,-97.8558,295.24,60,75,5.66,CA,1689961481
1161,Saint-Pierre,-21.3393,55.4781,294.02,68,75,3.09,RE,1689961415
1162,Cabedelo,-6.9811,-34.8339,302.52,70,5,8.4,BR,1689961906
1163,Iqaluit,63.7506,-68.5145,280.0,87,75,3.6,CA,1689961887
1164,Edinburgh Of The Seven Seas,-37.0676,-12.3116,285.29,60,87,8.64,SH,1689961877
1165,Nchelenge,-9.3451,28.734,296.21,45,22,2.39,ZM,1689961415
1166,Port-Aux-Francais,-49.35,70.2167,273.71,62,80,17.87,TF,1689961877
1167,Mount Gambier,-37.8333,140.7667,282.51,89,100,3.36,AU,1689961416
1168,Polyarnyy,69.1989,33.4478,282.23,82,100,7.7,RU,1689961189
1169,Palikir - National Government Center,6.9248,158.1611,300.47,81,99,8.97,FM,1689961908
1170,Blackmans Bay,-43.0167,147.3167,280.11,88,27,2.93,AU,1689961873
1171,Hamilton,39.1834,-84.5333,300.78,62,20,4.63,US,1689961624
1172,Mossel Bay,-34.1831,22.146,284.11,70,0,3.91,ZA,1689961416
1173,Kerikeri,-35.2268,173.9474,281.99,87,88,0.45,NZ,1689961416
1174,Iaciara,-14.0958,-46.6317,299.92,40,97,5.45,BR,1689961416
1175,Grytviken,-54.2811,-36.5092,274.7,98,100,5.62,GS,1689961879
1176,Blythe,33.6103,-114.5964,316.15,13,6,2.19,US,1689961417
1177,Hadibu,12.65,54.0333,299.27,78,100,9.55,YE,1689961909
1178,Port-Aux-Francais,-49.35,70.2167,273.71,62,80,17.87,TF,1689961877
1179,Thompson,55.7435,-97.8558,295.24,60,75,5.66,CA,1689961481
1180,Khandyga,62.6667,135.6,285.88,97,100,0.76,RU,1689961367
1181,Al Majaridah,19.1236,41.9111,308.46,32,98,0.33,SA,1689961417
1182,Port-Aux-Francais,-49.35,70.2167,273.71,62,80,17.87,TF,1689961877
1183,Toyooka,35.5333,134.8333,294.83,95,2,1.84,JP,1689961417
1184,Kuytun,54.3419,101.5036,287.3,83,0,2.12,RU,1689961417
1185,Port Blair,11.6667,92.75,301.17,89,75,3.09,IN,1689961418
1186,Adamstown,-25.066,-130.1015,294.01,70,41,13.82,PN,1689961772
1187,Sao Raimundo Nonato,-9.0153,-42.6994,304.88,16,4,6.01,BR,1689961418
1188,Edinburgh Of The Seven Seas,-37.0676,-12.3116,285.29,60,87,8.64,SH,1689961877
1189,Zholymbet,51.7433,71.7122,289.93,73,66,5.2,KZ,1689961418
1190,Avarua,-21.2078,-159.775,295.18,68,20,7.72,CK,1689961902
1191,Yerofey Pavlovich,53.9667,121.9667,284.0,83,42,1.46,RU,1689961418
1192,Bethel,41.3712,-73.414,301.75,63,75,6.17,US,1689961681
1193,Sitka,57.0531,-135.33,289.09,82,100,4.12,US,1689961419
1194,Whitehorse,60.7161,-135.0538,294.87,59,75,1.03,CA,1689961881
1195,Kodiak,57.79,-152.4072,284.88,82,0,0.0,US,1689961322
1196,Stanley,54.868,-1.6985,287.48,86,40,1.03,GB,1689961902
1197,Kristinestad,62.2743,21.376,289.87,74,100,1.64,FI,1689961419
1198,Grytviken,-54.2811,-36.5092,274.7,98,100,5.62,GS,1689961879
1199,Colonia,50.9333,6.95,293.63,59,0,5.66,DE,1689961419
1200,Bethel,41.3712,-73.414,301.75,63,75,6.17,US,1689961681
1201,Invercargill,-46.4,168.35,273.16,99,11,0.89,NZ,1689961557
1202,Hermanus,-34.4187,19.2345,279.15,71,32,1.59,ZA,1689961325
1203,Grytviken,-54.2811,-36.5092,274.7,98,100,5.62,GS,1689961879
1204,Bilibino,68.0546,166.4372,291.85,60,77,1.19,RU,1689961778
1205,Northam,51.0333,-4.2167,290.59,77,72,5.99,GB,1689961419
1206,Chernyshevskiy,63.0128,112.4714,288.73,70,82,0.57,RU,1689961912
1207,San Luis De La Loma,17.2706,-100.8939,305.7,61,41,3.92,MX,1689961627
1208,Hawaiian Paradise Park,19.5933,-154.9731,295.95,92,75,3.6,US,1689961333
1209,Saint-Leu,-21.15,55.2833,293.68,92,6,7.87,RE,1689961420
1210,Nabire,-3.3667,135.4833,296.93,93,43,1.82,ID,1689961313
1211,Heroica Ciudad De Tlaxiaco,17.2667,-97.6833,295.79,55,83,1.38,MX,1689961420
1212,Khvoynaya,58.9,34.5333,287.86,71,94,3.61,RU,1689961421
1213,Alice Springs,-23.7,133.8833,275.9,87,0,2.57,AU,1689961912
1214,Port Mathurin,-19.6833,63.4167,296.63,72,1,8.62,MU,1689961913
1215,Edinburgh Of The Seven Seas,-37.0676,-12.3116,285.29,60,87,8.64,SH,1689961877
1216,Port Elizabeth,-33.918,25.5701,291.54,72,0,4.63,ZA,1689961888
1217,Kodiak,57.79,-152.4072,284.88,82,0,0.0,US,1689961322
1218,Atafu Village,-8.5421,-172.5159,301.7,76,100,4.53,TK,1689961913
1219,Blackmans Bay,-43.0167,147.3167,280.11,88,27,2.93,AU,1689961873
1220,Ushuaia,-54.8,-68.3,271.96,69,20,7.2,AR,1689961768
1221,Puerto Natales,-51.7236,-72.4875,272.06,96,100,1.9,CL,1689961660
1222,Port Blair,11.6667,92.75,301.17,89,75,3.09,IN,1689961418
1223,Oranjemund,-28.55,16.4333,287.01,52,15,1.57,NA,1689961422
1224,Sampit,-2.5333,112.95,295.59,99,83,1.05,ID,1689961422
1225,Jamestown,42.097,-79.2353,294.95,68,75,7.2,US,1689961834
1226,Kaharlyk,49.8623,30.8282,290.62,62,69,2.08,UA,1689961422
1227,Lebu,-37.6167,-73.65,285.17,85,100,6.49,CL,1689961342
1228,Vila Franca Do Campo,37.7167,-25.4333,295.38,86,100,1.02,PT,1689961422
1229,Adamstown,-25.066,-130.1015,294.01,70,41,13.82,PN,1689961772
1230,Hamilton,39.1834,-84.5333,300.78,62,20,4.63,US,1689961624
1231,Palmer,42.1584,-72.3287,300.25,69,100,3.09,US,1689961132
1232,Houghton,47.1219,-88.569,299.08,67,0,4.12,US,1689961423
1233,Port-Aux-Francais,-49.35,70.2167,273.71,62,80,17.87,TF,1689961877
1234,Murrells Inlet,33.551,-79.0414,307.63,59,0,4.63,US,1689961410
1235,Sernur,56.9333,49.1536,290.75,61,87,4.48,RU,1689961423
1236,Yellowknife,62.456,-114.3525,297.44,46,100,3.6,CA,1689961850
1237,San Patricio,28.017,-97.5169,309.19,36,7,5.35,US,1689961362
1238,Port-Aux-Francais,-49.35,70.2167,273.71,62,80,17.87,TF,1689961877
1239,Bethel,41.3712,-73.414,301.75,63,75,6.17,US,1689961681
1240,Trondheim,63.4305,10.3951,287.18,82,100,0.45,NO,1689961425
1241,Thompson,55.7435,-97.8558,295.24,60,75,5.66,CA,1689961481
1242,Talnakh,69.4865,88.3972,293.82,66,98,3.74,RU,1689961326
1243,Lompoc,34.6391,-120.4579,300.84,100,40,0.0,US,1689961149
1244,Waitangi,-43.9535,-176.5597,284.16,95,100,4.02,NZ,1689961769
1245,Akureyri,65.6835,-18.0878,287.11,62,40,5.66,IS,1689961211
1246,Badger,64.8,-147.5333,294.33,78,20,0.0,US,1689961227
1247,Tiksi,71.6872,128.8694,278.75,75,57,3.87,RU,1689961778
1248,Uige,-7.6087,15.0613,296.57,48,63,0.7,AO,1689961426
1249,Hawaiian Paradise Park,19.5933,-154.9731,295.95,92,75,3.6,US,1689961333
1250,Iqaluit,63.7506,-68.5145,280.0,87,75,3.6,CA,1689961887
1251,Port Alfred,-33.5906,26.891,289.82,62,51,6.86,ZA,1689961558
1252,Ushuaia,-54.8,-68.3,271.96,69,20,7.2,AR,1689961768
1253,Anadyr,64.75,177.4833,286.43,93,40,1.0,RU,1689961898
1254,Puerto Natales,-51.7236,-72.4875,272.06,96,100,1.9,CL,1689961660
1255,Ilulissat,69.2167,-51.1,279.16,93,75,2.57,GL,1689961885
1256,La Passe,45.5549,-0.8967,297.28,61,2,6.36,FR,1689961427
1257,Chichiriviche,10.9333,-68.2772,302.55,72,52,7.13,VE,1689961427
1258,Kaa-Khem,51.6833,94.7333,288.54,92,68,1.12,RU,1689961427
1259,Baukau,51.5526,7.2042,292.31,63,89,2.68,DE,1689961428
1260,Adamstown,-25.066,-130.1015,294.01,70,41,13.82,PN,1689961772
1261,Blackmans Bay,-43.0167,147.3167,280.11,88,27,2.93,AU,1689961873
1262,Port-Aux-Francais,-49.35,70.2167,273.71,62,80,17.87,TF,1689961877
1263,Ohangaron,40.9064,69.6383,301.23,22,0,1.2,UZ,1689961428
1264,Turpan,42.9333,89.1667,310.58,13,11,1.56,CN,1689961428
1265,Naracoorte,-36.9579,140.7383,281.06,95,79,3.75,AU,1689961429
1266,Anadyr,64.75,177.4833,286.43,93,40,1.0,RU,1689961898
1267,Bilibino,68.0546,166.4372,291.85,60,77,1.19,RU,1689961778
1268,Santa Marinella,42.0345,11.8536,305.0,84,0,5.02,IT,1689961429
1269,Vorgashor,67.5833,63.95,291.02,83,50,2.09,RU,1689961820
1270,Petropavlovsk-Kamchatsky,53.0452,158.6483,283.48,100,20,2.0,RU,1689961896
1271,Lesnoy,57.6198,63.0784,288.11,78,59,2.91,RU,1689961429
1272,Viedma,-40.8135,-62.9967,292.66,32,100,8.21,AR,1689961341
1273,Waitangi,-43.9535,-176.5597,284.16,95,100,4.02,NZ,1689961769
1274,Edinburgh Of The Seven Seas,-37.0676,-12.3116,285.29,60,87,8.64,SH,1689961877
1275,Portland,45.5234,-122.6762,297.93,60,15,0.89,US,1689961263
1276,Wailua Homesteads,22.0669,-159.378,299.59,87,75,8.23,US,1689961891
1277,Port-Aux-Francais,-49.35,70.2167,273.71,62,80,17.87,TF,1689961877
1278,Polyarnyy,69.1989,33.4478,282.23,82,100,7.7,RU,1689961189
1279,Blackmans Bay,-43.0167,147.3167,280.11,88,27,2.93,AU,1689961873
1280,Waitangi,-43.9535,-176.5597,284.16,95,100,4.02,NZ,1689961769
1281,Afaahiti,-17.75,-149.2833,293.08,63,52,5.49,PF,1689961430
1282,Olonkinbyen,70.9221,-8.7187,278.44,79,100,2.27,SJ,1689961769
1283,Port Mathurin,-19.6833,63.4167,296.63,72,1,8.62,MU,1689961913
1284,Cidreira,-30.1811,-50.2056,292.64,80,6,5.9,BR,1689961347
1285,Kwali,8.8672,7.005,302.09,89,100,1.46,NG,1689961431
1286,Sisimiut,66.9395,-53.6735,279.03,95,100,7.03,GL,1689961246
1287,Tazovsky,67.4667,78.7,291.36,64,85,3.39,RU,1689961920
1288,Papatowai,-46.5619,169.4708,278.58,76,6,6.17,NZ,1689961559
1289,Nabire,-3.3667,135.4833,297.08,93,42,1.93,ID,1689961920
1290,Portland,45.5234,-122.6762,297.93,60,15,0.89,US,1689961263
1291,Anadyr,64.75,177.4833,286.43,93,40,1.0,RU,1689961898
1292,College,64.8569,-147.8028,293.41,79,0,0.0,US,1689961750
1293,Hami,42.8,93.45,303.42,14,0,4.37,CN,1689961431
1294,Bilibino,68.0546,166.4372,291.85,60,77,1.19,RU,1689961778
1295,Tazovsky,67.4667,78.7,291.36,64,85,3.39,RU,1689961920
1296,Invercargill,-46.4,168.35,273.16,99,11,0.89,NZ,1689961557
1297,Lihue,21.9789,-159.3672,299.92,81,75,8.23,US,1689961904
1298,Thompson,55.7435,-97.8558,295.24,60,75,5.66,CA,1689961481
1299,Bethel,41.3712,-73.414,301.75,63,75,6.17,US,1689961681
1300,Saipan,15.1355,145.701,300.54,100,20,2.57,MP,1689961881
1301,Ilulissat,69.2167,-51.1,279.16,93,75,2.57,GL,1689961885
1302,Port-Aux-Francais,-49.35,70.2167,273.71,62,80,17.87,TF,1689961877
1303,Hithadhoo,-0.6,73.0833,301.2,79,93,4.52,MV,1689961922
1304,Essaouira,31.5125,-9.77,302.87,48,4,8.23,MA,1689961433
1305,Waitangi,-43.9535,-176.5597,284.16,95,100,4.02,NZ,1689961769
1306,Ribeira Grande,38.5167,-28.7,294.14,94,75,4.63,PT,1689961922
1307,Ilulissat,69.2167,-51.1,279.16,93,75,2.57,GL,1689961885
1308,Saint-Pierre,-21.3393,55.4781,294.02,68,75,3.09,RE,1689961415
1309,Polyarnyy,69.1989,33.4478,282.23,82,100,7.7,RU,1689961189
1310,Port Elizabeth,-33.918,25.5701,291.54,72,0,4.63,ZA,1689961888
1311,Margaret River,-33.95,115.0667,286.67,66,2,2.05,AU,1689961770
1312,Tiksi,71.6872,128.8694,278.75,75,57,3.87,RU,1689961778
1313,College,64.8569,-147.8028,293.41,79,0,0.0,US,1689961750
1314,Port-Aux-Francais,-49.35,70.2167,273.71,62,80,17.87,TF,1689961877
1315,Thompson,55.7435,-97.8558,295.24,60,75,5.66,CA,1689961481
1316,San Angelo,31.4638,-100.437,309.98,37,0,4.63,US,1689961434
1317,Vorgashor,67.5833,63.95,291.02,83,50,2.09,RU,1689961820
1318,West Island,-12.1568,96.8225,298.14,78,40,6.17,CC,1689961887
1319,Heroica Guaymas,27.9333,-110.9,308.8,47,40,0.0,MX,1689961434
1320,Yellowknife,62.456,-114.3525,297.44,46,100,3.6,CA,1689961850
1321,Ushuaia,-54.8,-68.3,271.96,69,20,7.2,AR,1689961768
1322,Edinburgh Of The Seven Seas,-37.0676,-12.3116,285.29,60,87,8.64,SH,1689961877
1323,Ushuaia,-54.8,-68.3,271.96,69,20,7.2,AR,1689961768
1324,Tiksi,71.6872,128.8694,278.75,75,57,3.87,RU,1689961778
1325,Iqaluit,63.7506,-68.5145,280.0,87,75,3.6,CA,1689961887
1326,Petropavlovsk-Kamchatsky,53.0452,158.6483,283.48,100,20,2.0,RU,1689961896
1327,Khandyga,62.6667,135.6,285.88,97,100,0.76,RU,1689961367
1328,Papatowai,-46.5619,169.4708,278.58,76,6,6.17,NZ,1689961559
1329,Anadyr,64.75,177.4833,286.43,93,40,1.0,RU,1689961898
1330,Isafjordur,66.0755,-23.124,283.17,81,75,4.12,IS,1689961771
1331,Ushuaia,-54.8,-68.3,271.96,69,20,7.2,AR,1689961768
1332,Sinabang,2.4803,96.3801,299.64,82,56,1.7,ID,1689961926
1333,Onega,63.9061,38.1404,287.94,99,94,0.93,RU,1689961414
1334,Hauppauge,40.8256,-73.2026,303.01,79,75,6.69,US,1689961436
1335,Blackmans Bay,-43.0167,147.3167,280.11,88,27,2.93,AU,1689961873
1336,Zuni Pueblo,35.0725,-108.8506,305.5,13,25,1.71,US,1689961346
1337,Portland,45.5234,-122.6762,297.93,60,15,0.89,US,1689961263
1338,Sittwe,20.15,92.9,300.25,89,31,7.08,MM,1689961436
1339,Ribeira Grande,38.5167,-28.7,294.14,94,75,4.63,PT,1689961922
1340,Olonkinbyen,70.9221,-8.7187,278.44,79,100,2.27,SJ,1689961769
1341,Howrah,22.5892,88.3103,302.15,89,75,4.12,IN,1689961691
1342,Adamstown,-25.066,-130.1015,294.01,70,41,13.82,PN,1689961772
1343,Polyarnyy,69.1989,33.4478,282.23,82,100,7.7,RU,1689961189
1344,Adamstown,-25.066,-130.1015,294.01,70,41,13.82,PN,1689961772
1345,Papatowai,-46.5619,169.4708,278.58,76,6,6.17,NZ,1689961559
1346,St. John'S,47.5649,-52.7093,301.57,66,20,7.72,CA,1689961626
1347,Bilibino,68.0546,166.4372,291.85,60,77,1.19,RU,1689961778
1348,Margaret River,-33.95,115.0667,286.67,66,2,2.05,AU,1689961770
1349,Kitami,43.8031,143.8908,289.15,94,6,2.69,JP,1689961437
1350,Vilyuysk,63.7553,121.6247,284.87,83,15,1.67,RU,1689961926
1351,Martapura,-3.4167,114.85,298.2,100,75,0.51,ID,1689961437
1352,Tralee,52.2704,-9.7026,288.29,77,100,5.14,IE,1689961928
1353,Namibe,-15.1961,12.1522,291.03,87,63,3.04,AO,1689961390
1354,Bayanhongor,46.7167,100.1167,284.59,72,23,1.12,MN,1689961438
1355,Bilibino,68.0546,166.4372,291.85,60,77,1.19,RU,1689961778
1356,Grytviken,-54.2811,-36.5092,274.7,98,100,5.62,GS,1689961879
1357,Port-Aux-Francais,-49.35,70.2167,273.71,62,80,17.87,TF,1689961877
1358,Hithadhoo,-0.6,73.0833,301.2,79,93,4.52,MV,1689961922
1359,Olonkinbyen,70.9221,-8.7187,278.44,79,100,2.27,SJ,1689961769
1360,Pacasmayo,-7.4006,-79.5714,296.36,72,54,7.23,PE,1689961438
1361,Port-Aux-Francais,-49.35,70.2167,273.71,62,80,17.87,TF,1689961877
1362,Lamu,-2.2717,40.902,299.27,82,4,8.63,KE,1689961438
1363,Lensk,60.7253,114.9278,288.22,90,73,1.91,RU,1689961439
1364,El Calafate,-50.3408,-72.2768,272.92,87,100,2.86,AR,1689961439
1365,Qaqortoq,60.7167,-46.0333,281.19,88,83,3.16,GL,1689961897
1366,Bredasdorp,-34.5322,20.0403,281.51,65,37,1.62,ZA,1689961877
1367,College,64.8569,-147.8028,293.41,79,0,0.0,US,1689961750
1368,Howard Springs,-12.497,131.047,294.72,69,12,1.73,AU,1689961930
1369,Coahuayana De Hidalgo,18.7,-103.6583,307.32,51,43,2.88,MX,1689961930
1370,Lompoc,34.6391,-120.4579,300.84,100,40,0.0,US,1689961149
1371,Moose Jaw,50.4001,-105.5344,299.3,34,20,3.6,CA,1689961205
1372,Bethel,41.3712,-73.414,301.75,63,75,6.17,US,1689961681
1373,Bethel,41.3712,-73.414,301.75,63,75,6.17,US,1689961681
1374,Morehead City,34.7229,-76.726,306.48,64,0,5.66,US,1689961407
1375,Carnarvon,-24.8667,113.6333,288.61,34,75,9.64,AU,1689961372
1376,Waitangi,-43.9535,-176.5597,284.16,95,100,4.02,NZ,1689961769
1377,Kayangel,8.0823,134.7173,301.77,78,100,6.92,PW,1689961440
1378,Cole Harbour,44.6724,-63.4751,295.27,91,69,5.14,CA,1689961440
1379,Isafjordur,66.0755,-23.124,283.17,81,75,4.12,IS,1689961771
1380,Tofol,5.3248,163.0078,300.38,81,98,6.87,FM,1689961440
1381,Isangel,-19.55,169.2667,292.17,68,33,1.64,VU,1689961932
1382,Qarqaraly,49.4058,75.4742,288.82,73,55,1.63,KZ,1689961441
1383,Waitangi,-43.9535,-176.5597,284.16,95,100,4.02,NZ,1689961769
1384,Ushuaia,-54.8,-68.3,271.96,69,20,7.2,AR,1689961768
1385,Port-Aux-Francais,-49.35,70.2167,273.71,62,80,17.87,TF,1689961877
1386,Bubaque,11.2833,-15.8333,301.38,79,81,5.63,GW,1689961933
1387,Gemena,3.25,19.7667,298.08,80,92,0.59,CD,1689961441
1388,Trogir,43.5125,16.2517,304.18,51,0,0.51,HR,1689961441
1389,Kruisfontein,-34.0033,24.7314,290.31,60,2,2.85,ZA,1689961933
1390,Ulsteinvik,62.3432,5.8487,289.43,77,43,4.02,NO,1689961442
1391,Blackmans Bay,-43.0167,147.3167,280.11,88,27,2.93,AU,1689961873
1392,Severo-Yeniseyskiy,60.3725,93.0408,288.96,61,48,2.05,RU,1689961442
1393,Lompoc,34.6391,-120.4579,300.84,100,40,0.0,US,1689961149
1394,Badger,64.8,-147.5333,294.89,77,20,0.0,US,1689961918
1395,Adamstown,-25.066,-130.1015,294.01,70,41,13.82,PN,1689961772
1396,Puerto Ayora,-0.7393,-90.3518,303.13,87,89,3.13,EC,1689961934
1397,Qingyuan,23.7,113.0333,303.14,82,82,1.35,CN,1689961443
1398,Bredasdorp,-34.5322,20.0403,281.51,65,37,1.62,ZA,1689961877
1399,Margaret River,-33.95,115.0667,286.67,66,2,2.05,AU,1689961770
1400,Ribeira Grande,38.5167,-28.7,294.14,94,75,4.63,PT,1689961922
1401,Brezina,33.0989,1.2608,313.09,7,20,5.33,DZ,1689961443
1402,Coracora,-15.0333,-73.7833,293.5,21,0,4.01,PE,1689961444
1403,Motygino,58.1831,94.7592,289.15,64,18,1.3,RU,1689961373
1404,Puerto Natales,-51.7236,-72.4875,272.06,96,100,1.9,CL,1689961660
1405,Kingston,17.997,-76.7936,309.4,62,20,11.83,JM,1689961187
1406,Iqaluit,63.7506,-68.5145,280.0,87,75,3.6,CA,1689961887
1407,Constantia,44.1833,28.65,297.53,74,0,4.26,RO,1689961444
1408,Bredasdorp,-34.5322,20.0403,281.51,65,37,1.62,ZA,1689961877
1409,Adamstown,-25.066,-130.1015,294.01,70,41,13.82,PN,1689961772
1410,Sinabang,2.4803,96.3801,299.64,82,56,1.7,ID,1689961926
1411,Kapa'A,22.0752,-159.319,300.33,84,75,8.23,US,1689961936
1412,Lakatoro,-16.0999,167.4164,296.02,83,99,4.09,VU,1689961445
1413,Waitangi,-43.9535,-176.5597,284.16,95,100,4.02,NZ,1689961769
1414,Cadale,2.7603,46.3222,298.76,84,80,8.96,SO,1689961445
1415,Praia Da Vitoria,38.7333,-27.0667,294.29,94,75,0.66,PT,1689961340
1416,Bredasdorp,-34.5322,20.0403,281.51,65,37,1.62,ZA,1689961877
1417,Castillos,-34.1667,-53.8333,296.46,67,46,5.2,UY,1689961455
1418,Margaret River,-33.95,115.0667,286.67,66,2,2.05,AU,1689961770
1419,Yellowknife,62.456,-114.3525,297.44,46,100,3.6,CA,1689961850
1420,Wailua Homesteads,22.0669,-159.378,299.59,87,75,8.23,US,1689961891
1421,Vorgashor,67.5833,63.95,291.02,83,50,2.09,RU,1689961820
1422,Bilibino,68.0546,166.4372,291.85,60,77,1.19,RU,1689961778
1423,Port Lincoln,-34.7333,135.8667,284.98,76,100,4.42,AU,1689961620
1424,Hawaiian Paradise Park,19.5933,-154.9731,296.5,91,75,3.6,US,1689961884
1425,Olavarria,-36.8927,-60.3225,291.26,77,100,5.45,AR,1689961456
1426,Bethel,41.3712,-73.414,301.75,63,75,6.17,US,1689961681
1427,Peace River,56.2501,-117.286,298.32,53,75,1.54,CA,1689961359
1428,Kavieng,-2.5744,150.7967,300.78,76,83,3.46,PG,1689961457
1429,Manokwari,-0.8667,134.0833,298.62,79,16,2.1,ID,1689961457
1430,Akjoujt,19.6969,-14.4164,315.51,13,0,4.71,MR,1689961457
1431,Todiresti,47.3167,26.8333,294.6,50,79,3.25,RO,1689961457
1432,Nabire,-3.3667,135.4833,297.08,93,42,1.93,ID,1689961920
1433,Mingshui,36.7167,117.5,297.12,98,100,1.81,CN,1689961457
1434,Thompson,55.7435,-97.8558,295.24,60,75,5.66,CA,1689961481
1435,Susuman,62.7833,148.1667,290.1,64,12,2.04,RU,1689961938
1436,Blackmans Bay,-43.0167,147.3167,280.11,88,27,2.93,AU,1689961873
1437,Beatrice,40.2681,-96.747,298.14,60,40,0.0,US,1689961458
1438,Invercargill,-46.4,168.35,273.16,99,11,0.89,NZ,1689961557
1439,Yellowknife,62.456,-114.3525,297.44,46,100,3.6,CA,1689961850
1440,Urmary,55.6789,47.944,288.03,96,97,3.43,RU,1689961458
1441,Tura,25.5198,90.2201,297.72,96,99,2.2,IN,1689961837
1442,Uige,-7.6087,15.0613,296.57,48,63,0.7,AO,1689961426
1443,Margaret River,-33.95,115.0667,286.67,66,2,2.05,AU,1689961770
1444,Olonkinbyen,70.9221,-8.7187,278.44,79,100,2.27,SJ,1689961769
1445,Arraial Do Cabo,-22.9661,-42.0278,297.07,60,20,7.72,BR,1689961939
1446,Georgetown,5.4112,100.3354,301.12,89,20,1.54,MY,1689961810
1447,Kayangel,8.0823,134.7173,301.77,78,100,6.92,PW,1689961440
1448,Prince Rupert,54.3161,-130.3201,288.98,86,100,4.12,CA,1689961832
1449,Blackmans Bay,-43.0167,147.3167,280.11,88,27,2.93,AU,1689961873
